id,asset_id,asset_name,asset_type,request_id,segment_index,acquisition_ts,pass_label,orbit_direction,condition_label,campaign_label,traffic_load_label,status,phase_observable,phase_unobservable_reason,fusion_source,fusion_route,registration_status,ndvi_scene_date,intensity,displacement_los_m,brightness_ratio,measured_frequency_hz,baseline_frequency_hz,frequency_drop_pct,wind_speed_ms,temperature_c,precipitation_mm,wind_gust_ms,relative_humidity_pct,incidence_angle_deg,amplitude_expected_m,amplitude_measured_m,thermal_frequency_adjusted_hz,coherence,cumulative_mm,structural_frequency_hz,dynamic_traffic_frequency_hz,phase_detected_frequency_hz,phase_coherence,fused_frequency_hz,fused_alpha,fusion_confidence,phase_snr_db,phase_scatterer_count,phase_modal_consistency,phase_quality_score,phase_rms_rad,coherence_masked_pixels,coherence_gamma2,sub_aperture_modulation,coherent_sum_amplitude,segment,section_index,state,pre_collapse,day,month,year,season,echo_mode,echo_mask_present,payload_group_size,payload_shared_with_segments,A,D,F,S,P,gamma2_mask,gamma2_export,mask_bbox_area,mask_row_span,mask_col_span,mask_centroid_row,mask_centroid_col,mask_peak_row,mask_peak_col,mask_n_components,mask_largest_component,mask_fragmentation
00b29192-a6e2-4421-be63-a721e4128044,af683c7e-416a-4395-86cc-094ee83d9497,Yeongdeok Wind Turbine (Samgye-ri),tower,7c24d0c5-1b76-4da4-b462-637d073c572b,3,2025-08-06T09:22:44.144868+00:00,morning,ASCENDING,,,low,processed,,,bessel,amplitude_fallback,,,8054.0554454372523,0,1,3.3162488462159998,3.3162488462159998,0,4.0099999999999998,32.299999999999997,0.40000000000000002,12.300000000000001,63,41.813333511643997,0.00014212039900000001,0,3.3892249928020002,0.998917748918,0,3.3162488462159998,,,,3.3162488462159998,1,1,-59.999995657052999,0,,0,,75,0.017288057454,,,turbine-mast-section-3,3,pre-collapse (healthy),1,2025-08-06,8,2025,shoulder_Aug-Sep,intermediate,1,1,[3],3,0.59999999999999998,2,1.666666666666667,0.19607843137254902,0.16472885272940033,0.017288057454,5,5,1,4.333333333333333,5,6,5,2,2,0.33333333333333337
5916fa70-26a0-4d1c-83ef-610edae822fe,af683c7e-416a-4395-86cc-094ee83d9497,Yeongdeok Wind Turbine (Samgye-ri),tower,7c24d0c5-1b76-4da4-b462-637d073c572b,3,2025-08-12T21:24:45.158840+00:00,afternoon,DESCENDING,,,high,decorrelation_exceeded,,,bessel,amplitude_fallback,,,1409.3217526914641,-0.013425177391,0.17498287195100001,3.2639060304909999,3.3162488462159998,1.578374185783,0.52000000000000002,22.399999999999999,0.10000000000000001,1.2,97,39.986015035538998,2.3898700000000002e-06,0.007347933668,3.3017631603619999,0.998917748918,-13.425177390612999,,,,,3.2639060304909999,0.968681642791,1,-59.999995657052999,0,,0,,167,0.0031197531290000002,,,turbine-mast-section-3,3,pre-collapse (healthy),1,2025-08-12,8,2025,shoulder_Aug-Sep,,0,1,[3],,,,,,,0.0031197531290000002,,,,,,,,,,
ac69728e-d914-41cc-9dba-39b29727abe4,af683c7e-416a-4395-86cc-094ee83d9497,Yeongdeok Wind Turbine (Samgye-ri),tower,7c24d0c5-1b76-4da4-b462-637d073c572b,3,2025-08-12T09:23:48.272963+00:00,morning,ASCENDING,,,low,processed,,,bessel,amplitude_fallback,,,10058.999002411714,0.016677316030999999,1,3.3162488462159998,3.3162488462159998,0,2.5699999999999998,24.199999999999999,0,7.0999999999999996,80,41.826378690058,5.8375943999999998e-05,0,3.3609095851499999,0.998917748918,16.677316031461999,3.0337207688899999,,,,3.3162488462159998,1,1,-59.999995657052999,0,,0,,133,0.0097623030799999996,,,turbine-mast-section-3,3,pre-collapse (healthy),1,2025-08-12,8,2025,shoulder_Aug-Sep,,0,1,[3],,,,,,,0.0097623030799999996,,,,,,,,,,
140c6c86-8e0e-451f-a6e5-68e948cabbea,af683c7e-416a-4395-86cc-094ee83d9497,Yeongdeok Wind Turbine (Samgye-ri),tower,7c24d0c5-1b76-4da4-b462-637d073c572b,3,2025-08-24T09:23:48.460601+00:00,morning,ASCENDING,,,low,decorrelation_exceeded,,,bessel,amplitude_fallback,,,2463.4086497709691,-0.058044875842,0.30585941038800002,3.2712801481149998,3.3162488462159998,1.356010968601,3.8199999999999998,33.200000000000003,0.10000000000000001,9,58,41.824222957909001,0.000128971692,0.0062913623840000002,3.346413993079,0.998917748918,-58.044875841920003,,,,,3.2712801481149998,0.97306365720300003,1,-59.999995657052999,0,,0,,130,0.0085786541100000002,,,turbine-mast-section-3,3,pre-collapse (healthy),1,2025-08-24,8,2025,shoulder_Aug-Sep,,0,1,[3],,,,,,,0.0085786541100000002,,,,,,,,,,
a0a3a353-fce6-4eb8-b684-e467a9c24d50,af683c7e-416a-4395-86cc-094ee83d9497,Yeongdeok Wind Turbine (Samgye-ri),tower,7c24d0c5-1b76-4da4-b462-637d073c572b,3,2025-09-05T09:23:48.483733+00:00,morning,ASCENDING,,,low,decorrelation_exceeded,,,bessel,amplitude_fallback,,,2792.1275557391309,0.012540947183000001,0.34667349568900002,3.273326259774,3.3162488462159998,1.294311387117,4.4500000000000002,28.100000000000001,0,11.199999999999999,58,41.824447341530004,0.00017502000599999999,0.0059994581829999998,3.3307780505090001,0.998917748918,12.540947182507001,,,,,3.273326259774,0.97428129645399997,1,-59.999995657052999,0,,0,,55,0.011310979553999999,,,turbine-mast-section-3,3,pre-collapse (healthy),1,2025-09-05,9,2025,shoulder_Aug-Sep,intermediate,1,1,[3],3,0.16666666666666666,2,1.9436506316151003,0.11764705882352942,0.11597397145256087,0.011310979553999999,18,3,6,1,4.333333333333333,0,6,2,2,0.33333333333333337
b38793be-da58-467b-b982-7808ac3a0581,af683c7e-416a-4395-86cc-094ee83d9497,Yeongdeok Wind Turbine (Samgye-ri),tower,7c24d0c5-1b76-4da4-b462-637d073c572b,3,2025-09-11T21:23:39.931808+00:00,afternoon,DESCENDING,,,high,decorrelation_exceeded,,,bessel,amplitude_fallback,,,1301.8160101893141,-0.059675857579999998,0.16163484582500001,3.2630397570929999,3.3162488462159998,1.604496272457,3.8700000000000001,21.600000000000001,0,8,81,39.947686889610999,0.00013237001,0.007472524621,3.298187830806,0.998917748918,-59.675857579942999,,,,,3.2630397570929999,0.96816751538000001,1,-59.999995657052999,0,,0,,263,0.0013669684699999999,,,turbine-mast-section-3,3,pre-collapse (healthy),1,2025-09-11,9,2025,shoulder_Aug-Sep,compact,1,1,[3],2,0.40000000000000002,2,2,0.20588235294117646,0.15353077958634195,0.0013669684699999999,5,1,5,6,4,6,6,2,1,0.5
6d620561-c8ee-42fc-a100-c8eedc5da0d2,af683c7e-416a-4395-86cc-094ee83d9497,Yeongdeok Wind Turbine (Samgye-ri),tower,7c24d0c5-1b76-4da4-b462-637d073c572b,3,2025-09-17T09:23:48.761351+00:00,morning,ASCENDING,,,low,decorrelation_exceeded,,,bessel,amplitude_fallback,,,2774.0581592075901,-0.040918964127000003,0.34442998039900002,3.2732157329499998,3.3162488462159998,1.29764427404,1.5,26.399999999999999,1.6000000000000001,7.2000000000000002,82,41.822609900498001,1.9886126e-05,0.0060152122739999996,3.324818384042,0.998917748918,-40.918964126573997,,,,,3.2732157329499998,0.974215502585,1,-59.999995657052999,0,,0,,36,0.0017355163769999999,,,turbine-mast-section-3,3,pre-collapse (healthy),1,2025-09-17,9,2025,shoulder_Aug-Sep,intermediate,1,1,[3],5,0.33333333333333331,2,0.20000000000000018,0.094117647058823528,0.40126098261475451,0.0017355163769999999,15,5,3,2.7999999999999998,4,3,4,2,4,0.19999999999999996
f60a72b5-6516-4011-bf0e-98baedc727fa,af683c7e-416a-4395-86cc-094ee83d9497,Yeongdeok Wind Turbine (Samgye-ri),tower,7c24d0c5-1b76-4da4-b462-637d073c572b,3,2025-09-23T21:23:40.020996+00:00,afternoon,DESCENDING,,,high,decorrelation_exceeded,,,bessel,amplitude_fallback,,,5190.8964315827207,0.050378403591000001,0.64450716372000005,3.2872791024480001,3.3162488462159998,0.87356965990000002,1.9099999999999999,20.899999999999999,0,3.5,78,39.948875479449001,3.2242922999999999e-05,0.0040234150860000003,3.3203145596680002,0.998917748918,50.378403590528002,,,,,3.2872791024480001,0.98260491919699999,1,-59.999995657052999,0,,0,,3,0.57631328027100004,,,turbine-mast-section-3,3,pre-collapse (healthy),1,2025-09-23,9,2025,shoulder_Aug-Sep,,0,1,[3],,,,,,,0.57631328027100004,,,,,,,,,,
5a895074-5898-4125-8938-76d375b263d2,af683c7e-416a-4395-86cc-094ee83d9497,Yeongdeok Wind Turbine (Samgye-ri),tower,7c24d0c5-1b76-4da4-b462-637d073c572b,3,2025-09-29T09:23:49.009108+00:00,morning,ASCENDING,,,low,decorrelation_exceeded,,,bessel,amplitude_fallback,,,1870.3424751624691,0.000269599904,0.23222369002000001,3.2673329220129999,3.3162488462159998,1.4750378053869999,3.6400000000000001,22,0,8.4000000000000004,65,41.822471761800003,0.000117103652,0.0068560352719999997,3.303877690647,0.998917748918,0.26959990407700002,,,,,3.2673329220129999,0.97071681754500005,1,-59.999995657052999,0,,0,,167,0.021131585061000002,,,turbine-mast-section-3,3,pre-collapse (healthy),1,2025-09-29,9,2025,shoulder_Aug-Sep,,0,1,[3],,,,,,,0.021131585061000002,,,,,,,,,,
06735a27-1445-4ff2-9b96-6101979b82ee,af683c7e-416a-4395-86cc-094ee83d9497,Yeongdeok Wind Turbine (Samgye-ri),tower,7c24d0c5-1b76-4da4-b462-637d073c572b,3,2025-10-05T21:23:40.388748+00:00,afternoon,DESCENDING,,,high,decorrelation_exceeded,,,bessel,amplitude_fallback,,,1735.594273412569,0.037215786107,0.215493211485,3.2663721400310002,3.3162488462159998,1.5040097561320001,2.2200000000000002,19.600000000000001,0.10000000000000001,4.2999999999999998,96,39.946186860685998,4.3558571000000001e-05,0.0069937904139999998,3.2948305851490001,0.998917748918,37.215786107012001,,,,,3.2663721400310002,0.97014600941200002,1,-59.999995657052999,0,,0,,64,0.0037806224950000002,,,turbine-mast-section-3,3,pre-collapse (healthy),1,2025-10-05,10,2025,winter_Oct-Feb,,0,2,"[2, 3]",,,,,,,0.0037806224950000002,,,,,,,,,,
c8a3b258-0fe6-4c57-8cd3-1e264d3648a7,af683c7e-416a-4395-86cc-094ee83d9497,Yeongdeok Wind Turbine (Samgye-ri),tower,7c24d0c5-1b76-4da4-b462-637d073c572b,3,2025-10-11T09:23:49.637679+00:00,morning,ASCENDING,,,low,processed,,,bessel,amplitude_fallback,,,9371.3931455368183,0.031866768181000003,1,3.3162488462159998,3.3162488462159998,0,1.3300000000000001,25.100000000000001,0,4.9000000000000004,74,41.821680263489,1.5634029999999998e-05,0,3.364020738942,0.998917748918,31.866768180849999,1.6459206845159999,,,,3.3162488462159998,1,1,-59.999995657052999,0,,0,,80,0.016948642757999999,,,turbine-mast-section-3,3,pre-collapse (healthy),1,2025-10-11,10,2025,winter_Oct-Feb,compact,1,2,"[2, 3]",2,0.16666666666666666,2,1.8027756377319946,0.088235294117647051,0.98578215447060724,0.016948642757999999,12,4,3,1.5,5,0,4,2,1,0.5
e2fcb65e-c08c-4502-a418-59cf9044d6fe,af683c7e-416a-4395-86cc-094ee83d9497,Yeongdeok Wind Turbine (Samgye-ri),tower,7c24d0c5-1b76-4da4-b462-637d073c572b,3,2025-10-17T21:23:40.412201+00:00,afternoon,DESCENDING,,,high,decorrelation_exceeded,,,bessel,amplitude_fallback,,,1430.638594135602,-0.020324052103,0.177629593418,3.2640742489060002,3.3162488462159998,1.57330163474,0.42999999999999999,18.300000000000001,0.20000000000000001,1.2,87,39.946041035119997,1.6341979999999999e-06,0.0073237513140000004,3.2881661202429999,0.998917748918,-20.324052103374001,,,,,3.2640742489060002,0.96878149510900002,1,-59.999995657052999,0,,0,,77,0.014140433608,,,turbine-mast-section-3,3,pre-collapse (healthy),1,2025-10-17,10,2025,winter_Oct-Feb,intermediate,1,2,"[2, 3]",3,0.75,1,0.47140452079103129,0.23529411764705879,0.91544517243130685,0.014140433608,4,2,2,5.666666666666667,5.666666666666667,6,6,1,3,0
4031088d-199e-413e-8829-50d1ceffe37a,af683c7e-416a-4395-86cc-094ee83d9497,Yeongdeok Wind Turbine (Samgye-ri),tower,7c24d0c5-1b76-4da4-b462-637d073c572b,3,2025-10-23T09:23:49.122619+00:00,morning,ASCENDING,,,low,processed,,,bessel,amplitude_fallback,,,2736.8371390572529,0.0053209826320000002,0.33980857936699999,3.2729874077269998,3.3162488462159998,1.3045293189589999,2.0699999999999998,16.5,0,5,66,41.820428048930999,3.7871138999999997e-05,0.006047761974,3.2911387248659998,0.998917748918,5.3209826321009999,1.951858257934,,,,3.2729874077269998,0.97407959329500005,1,-59.999995657052999,0,,0,,59,0.0067098825779999998,,,turbine-mast-section-3,3,pre-collapse (healthy),1,2025-10-23,10,2025,winter_Oct-Feb,intermediate,1,2,"[2, 3]",4,0.33333333333333331,2,1.25,0.13235294117647059,0.44787170507913238,0.0067098825779999998,12,4,3,2.75,5,4,5,2,3,0.25
bd9554ac-b794-4442-a3f9-59acc62ae694,af683c7e-416a-4395-86cc-094ee83d9497,Yeongdeok Wind Turbine (Samgye-ri),tower,7c24d0c5-1b76-4da4-b462-637d073c572b,3,2025-10-29T21:23:40.056946+00:00,afternoon,DESCENDING,,,high,decorrelation_exceeded,,,bessel,amplitude_fallback,,,1321.5087616034789,-0.0085378496559999992,0.16407991856500001,3.263200780414,3.3162488462159998,1.599640686249,2.3799999999999999,4.9000000000000004,0,5,78,39.944091677963002,5.0063542999999997e-05,0.0074493580860000002,3.2434755590459998,0.998917748918,-8.5378496558869994,,,,,3.263200780414,0.96826307130800005,1,-59.999995657052999,0,,0,,132,0.0030601475030000002,,,turbine-mast-section-3,3,pre-collapse (healthy),1,2025-10-29,10,2025,winter_Oct-Feb,intermediate,1,2,"[2, 3]",4,0.22222222222222221,2,1.2747548783981961,0.26470588235294118,0.42115480961923846,0.0030601475030000002,18,6,3,4.75,5.25,6,5,2,3,0.25
215a02d9-0c60-4a1e-b7c7-a07dd0c21f53,af683c7e-416a-4395-86cc-094ee83d9497,Yeongdeok Wind Turbine (Samgye-ri),tower,7c24d0c5-1b76-4da4-b462-637d073c572b,3,2025-11-04T09:23:48.850707+00:00,morning,ASCENDING,,,low,decorrelation_exceeded,,,bessel,amplitude_fallback,,,2551.9598241436679,-0.0080973063969999991,0.31685401738699998,3.271839246061,3.3162488462159998,1.339151620215,2.8300000000000001,17.199999999999999,0,6.9000000000000004,47,41.822345010196003,7.0784886999999998e-05,0.0062115454759999996,3.2923152744549999,0.998917748918,-8.0973063966240009,,,,,3.271839246061,0.97339630030199997,1,-59.999995657052999,0,,0,,5,0.65776796483400002,,,turbine-mast-section-3,3,pre-collapse (healthy),1,2025-11-04,11,2025,winter_Oct-Feb,,0,2,"[2, 3]",,,,,,,0.65776796483400002,,,,,,,,,,
7313e302-f95a-489b-8cfd-c20fecfcfb75,af683c7e-416a-4395-86cc-094ee83d9497,Yeongdeok Wind Turbine (Samgye-ri),tower,7c24d0c5-1b76-4da4-b462-637d073c572b,3,2025-11-10T21:23:39.703842+00:00,afternoon,DESCENDING,,,high,decorrelation_exceeded,,,bessel,amplitude_fallback,,,642.54381558451701,0.000462384214,0.079778916340999997,3.2567407898049998,3.3162488462159998,1.794438812349,8.1999999999999993,6.4000000000000004,0,16.199999999999999,40,39.943776219610001,0.00059428583199999999,0.0083814594809999993,3.241862364957,0.998917748918,0.46238421428900001,,,,,3.2567407898049998,0.96443322481799998,1,-59.999995657052999,0,,0,,51,0.072636625637000005,,,turbine-mast-section-3,3,pre-collapse (healthy),1,2025-11-10,11,2025,winter_Oct-Feb,intermediate,1,2,"[2, 3]",3,0.085714285714285715,2,4.630814663149935,0.1176470588235294,0.87474008747400878,0.072636625637000005,35,7,5,2,1.6666666666666667,6,4,2,2,0.33333333333333337
a62d0a02-b244-4490-beb9-dab793312d5f,af683c7e-416a-4395-86cc-094ee83d9497,Yeongdeok Wind Turbine (Samgye-ri),tower,7c24d0c5-1b76-4da4-b462-637d073c572b,3,2025-11-16T09:23:48.086593+00:00,morning,ASCENDING,,,low,decorrelation_exceeded,,,bessel,amplitude_fallback,,,9607.9815009000376,-0.032438738606000002,1,3.3162488462159998,3.3162488462159998,0,3.1299999999999999,17.699999999999999,0,7,37,41.821417833086002,8.6587727999999994e-05,0,3.3386935362069998,0.998917748918,-32.438738605786,,,,,3.3162488462159998,1,1,-59.999995657052999,0,,0,,60,0.00033612126300000002,,,turbine-mast-section-3,3,pre-collapse (healthy),1,2025-11-16,11,2025,winter_Oct-Feb,,0,2,"[2, 3]",,,,,,,0.00033612126300000002,,,,,,,,,,
b8b956df-7dc3-4e2d-9c43-f57b065475bb,af683c7e-416a-4395-86cc-094ee83d9497,Yeongdeok Wind Turbine (Samgye-ri),tower,7c24d0c5-1b76-4da4-b462-637d073c572b,3,2025-11-22T21:23:39.234360+00:00,afternoon,DESCENDING,,,high,decorrelation_exceeded,,,bessel,amplitude_fallback,,,973.94520906655305,-0.032260975210000001,0.120926062114,3.2601699007959999,3.3162488462159998,1.691035504884,4.8499999999999996,7.7999999999999998,0,10.1,57,39.942435504675998,0.000207898401,0.0078859887499999996,3.2497871677369998,0.998917748918,-32.260975210490997,,,,,3.2601699007959999,0.96646525001000005,1,-59.999995657052999,0,,0,,100,0.001675344621,,,turbine-mast-section-3,3,pre-collapse (healthy),1,2025-11-22,11,2025,winter_Oct-Feb,,0,2,"[2, 3]",,,,,,,0.001675344621,,,,,,,,,,
2ecefc2e-6ea0-4da3-92c4-dd06a0bfa8ae,af683c7e-416a-4395-86cc-094ee83d9497,Yeongdeok Wind Turbine (Samgye-ri),tower,7c24d0c5-1b76-4da4-b462-637d073c572b,3,2025-11-28T09:23:47.091979+00:00,morning,ASCENDING,,,low,decorrelation_exceeded,,,bessel,amplitude_fallback,,,7573.047604050209,0.003875040143,0.94027756021200004,3.305048261404,3.3162488462159998,0.33774862296300001,5.2800000000000002,7.7999999999999998,0,12.1,28,41.820549903344997,0.00024639705700000002,0.0015430339689999999,3.294522603266,0.998917748918,3.8750401434159998,,,,,3.305048261404,0.99325643495399996,1,-59.999995657052999,0,,0,,60,0.020010125829000001,,,turbine-mast-section-3,3,pre-collapse (healthy),1,2025-11-28,11,2025,winter_Oct-Feb,,0,2,"[2, 3]",,,,,,,0.020010125829000001,,,,,,,,,,
85b9cbe8-f3ac-4fef-af72-efdb6964e2cd,af683c7e-416a-4395-86cc-094ee83d9497,Yeongdeok Wind Turbine (Samgye-ri),tower,7c24d0c5-1b76-4da4-b462-637d073c572b,3,2025-12-04T21:23:38.753158+00:00,afternoon,DESCENDING,,,high,decorrelation_exceeded,,,bessel,amplitude_fallback,,,932.86399352856597,-0.00029653455799999998,0.11582537515999999,3.259779856333,3.3162488462159998,1.702797121138,6.75,0.59999999999999998,0,13.6,66,39.942891212086003,0.00040269405399999999,0.0079422672999999999,3.2263980092629998,0.998917748918,-0.29653455791400002,,,,,3.259779856333,0.96623400938100001,1,-59.999995657052999,0,,0,,18,0.35071138140300001,,,turbine-mast-section-3,3,pre-collapse (healthy),1,2025-12-04,12,2025,winter_Oct-Feb,intermediate,1,2,"[2, 3]",3,0.75,1,0.74535599249993001,0.2156862745098039,0.70128988458927355,0.35071138140300001,4,2,2,5.666666666666667,4.333333333333333,5,4,1,3,0
9e9a7ce3-c916-494e-8b1a-122c8d858c44,af683c7e-416a-4395-86cc-094ee83d9497,Yeongdeok Wind Turbine (Samgye-ri),tower,7c24d0c5-1b76-4da4-b462-637d073c572b,3,2025-12-10T09:23:46.059691+00:00,morning,ASCENDING,,,low,decorrelation_exceeded,,,bessel,amplitude_fallback,,,12732.160029608152,-0.032684772106000001,1,3.3162488462159998,3.3162488462159998,0,3.1499999999999999,10.6,0,8,31,41.820064381517,8.7697816000000003e-05,0,3.3149231420469998,0.998917748918,-32.684772106219,,,,,3.3162488462159998,1,1,-59.999995657052999,0,,0,,149,0.0096207884620000007,,,turbine-mast-section-3,3,pre-collapse (healthy),1,2025-12-10,12,2025,winter_Oct-Feb,compact,1,2,"[2, 3]",2,0.20000000000000001,2,2.0615528128088303,0.088235294117647051,0.72289345513075109,0.0096207884620000007,10,5,2,3,3.5,5,4,2,1,0.5
a0f0c5be-c7da-4888-a97b-08f3e593f114,af683c7e-416a-4395-86cc-094ee83d9497,Yeongdeok Wind Turbine (Samgye-ri),tower,7c24d0c5-1b76-4da4-b462-637d073c572b,3,2025-12-16T21:23:38.297150+00:00,afternoon,DESCENDING,,,high,decorrelation_exceeded,,,bessel,amplitude_fallback,,,836.23134527994296,0.0074421291790000002,0.10382736385999999,3.2588281531429999,3.3162488462159998,1.7314953049420001,1.5900000000000001,6.9000000000000004,0,3.6000000000000001,64,39.942758219908001,2.2344051000000001e-05,0.0080796710149999996,3.2455485715619998,0.998917748918,7.4421291786849997,,,,,3.2588281531429999,0.96566990149999998,1,-59.999995657052999,0,,0,,71,0.017830235864,,,turbine-mast-section-3,3,pre-collapse (healthy),1,2025-12-16,12,2025,winter_Oct-Feb,compact,1,2,"[2, 3]",2,0.10000000000000001,2,2.5,0.14705882352941177,0.9958796868562011,0.017830235864,20,4,5,3.5,3,2,5,2,1,0.5
62cc1a14-c230-4e35-989f-d5f51b9d1d65,af683c7e-416a-4395-86cc-094ee83d9497,Yeongdeok Wind Turbine (Samgye-ri),tower,7c24d0c5-1b76-4da4-b462-637d073c572b,3,2025-12-22T09:23:44.704253+00:00,morning,ASCENDING,,,low,decorrelation_exceeded,,,bessel,amplitude_fallback,,,1509.5939259584941,0.035585244969,0.187432770507,3.2646879105709998,3.3162488462159998,1.5547969418359999,2.6200000000000001,7,0,7.7999999999999998,42,41.820471104408,6.0669477000000003e-05,0.0072355656500000002,3.2517069927189999,0.998917748918,35.585244968788999,,,,,3.2646879105709998,0.96914580051599997,1,-59.999995657052999,0,,0,,120,0.0061345710779999998,,,turbine-mast-section-3,3,pre-collapse (healthy),1,2025-12-22,12,2025,winter_Oct-Feb,,0,2,"[2, 3]",,,,,,,0.0061345710779999998,,,,,,,,,,
f343127f-d192-4489-a3ac-833f81c5acb6,af683c7e-416a-4395-86cc-094ee83d9497,Yeongdeok Wind Turbine (Samgye-ri),tower,7c24d0c5-1b76-4da4-b462-637d073c572b,3,2025-12-28T21:23:37.444870+00:00,afternoon,DESCENDING,,,high,processed,,,bessel,amplitude_fallback,,,2580.424067902984,0.045691669119000002,0.32038816784700003,3.2720176423749998,3.3162488462159998,1.333772159212,2.8900000000000001,3.3999999999999999,0,5.9000000000000004,62,39.944147849190003,7.3818184e-05,0.0061860862020000004,3.2474302521720002,0.998917748918,45.691669118869001,3.1656260909220002,,,,3.2720176423749998,0.97350245163299998,1,-59.999995657052999,0,,0,,5,0.14246420661,,,turbine-mast-section-3,3,pre-collapse (healthy),1,2025-12-28,12,2025,winter_Oct-Feb,distributed,1,2,"[2, 3]",7,0.16666666666666666,3,1.5185922589620928,0.16806722689075632,0.81489897188738647,0.14246420661,42,7,6,5,3.8571428571428572,6,5,3,4,0.4285714285714286
40f919a5-87c1-4001-b63c-164ed840e453,af683c7e-416a-4395-86cc-094ee83d9497,Yeongdeok Wind Turbine (Samgye-ri),tower,7c24d0c5-1b76-4da4-b462-637d073c572b,3,2026-01-03T09:23:43.540831+00:00,morning,ASCENDING,,,low,processed,,,bessel,amplitude_fallback,,,1283.7368420252019,0.071253426716000004,0.15939011727999999,3.262890952647,3.3162488462159998,1.6089834039340001,7.5300000000000002,1.5,0,16.5,20,41.819721155723002,0.00050113833300000001,0.0074939362669999999,3.2323283229749999,0.998917748918,71.253426716123997,1.04738477454,,,,3.262890952647,0.968079214681,1,-59.999995657052999,0,,0,,48,0.010430729842000001,,,turbine-mast-section-3,3,pre-collapse (healthy),1,2026-01-03,1,2026,winter_Oct-Feb,intermediate,1,2,"[2, 3]",4,0.44444444444444442,1,0.75,0.073529411764705871,0.10718789407313997,0.010430729842000001,9,3,3,1.25,4,2,4,1,4,0
ce7e4f7f-64a2-4acb-90f8-439041481733,af683c7e-416a-4395-86cc-094ee83d9497,Yeongdeok Wind Turbine (Samgye-ri),tower,7c24d0c5-1b76-4da4-b462-637d073c572b,3,2026-01-15T09:23:42.579436+00:00,morning,ASCENDING,,,low,decorrelation_exceeded,,,bessel,amplitude_fallback,,,8023.6336983063866,-0.019643973096000002,0.99622280386100004,3.3134515213540001,3.3162488462159998,0.084352079449,7.9500000000000002,13,0,17,50,41.818539352933001,0.00055860128299999999,0.000383904221,3.3200983716080001,0.998917748918,-19.643973096374999,,,,,3.3134515213540001,0.99831366993799997,1,-59.999995657052999,0,,0,,130,0.030765908599,,,turbine-mast-section-3,3,pre-collapse (healthy),1,2026-01-15,1,2026,winter_Oct-Feb,intermediate,1,2,"[2, 3]",3,0.375,2,1.3743685418725533,0.11764705882352942,0.18532725964996405,0.030765908599,8,2,4,2.3333333333333335,4.666666666666667,2,6,2,2,0.33333333333333337
11c60eea-9d18-4030-ab0a-6be4c42221da,af683c7e-416a-4395-86cc-094ee83d9497,Yeongdeok Wind Turbine (Samgye-ri),tower,7c24d0c5-1b76-4da4-b462-637d073c572b,3,2026-01-27T09:23:41.752074+00:00,morning,ASCENDING,,,low,decorrelation_exceeded,,,bessel,amplitude_fallback,,,2562.5494204105662,0.032375998343,0.31816883280399999,3.2719056879389998,3.3162488462159998,1.3371480951250001,6.3099999999999996,2.5,0,14.6,22,41.820183848554997,0.00035190577200000002,0.0062020629440000001,3.24444413257,0.998917748918,32.375998342682998,,,,,3.2719056879389998,0.97343583460000005,1,-59.999995657052999,0,,0,,106,0.0088398520850000006,,,turbine-mast-section-3,3,pre-collapse (healthy),1,2026-01-27,1,2026,winter_Oct-Feb,intermediate,1,2,"[2, 3]",3,0.14999999999999999,2,3.1446603773522015,0.1372549019607843,0.26562641093713318,0.0088398520850000006,20,5,4,2.3333333333333335,4.666666666666667,5,3,2,2,0.33333333333333337
6c568bed-ae6e-4e8c-beb7-427ffa4505e6,af683c7e-416a-4395-86cc-094ee83d9497,Yeongdeok Wind Turbine (Samgye-ri),tower,7c24d0c5-1b76-4da4-b462-637d073c572b,3,2026-02-08T09:23:40.990493+00:00,morning,ASCENDING,,,low,decorrelation_exceeded,,,bessel,amplitude_fallback,,,7025.5453987363653,0.073990501599000003,0.87229911022200002,3.29968457349,3.3162488462159998,0.49948823186199998,7.2699999999999996,-2.3999999999999999,0,16.699999999999999,14,41.819890728559997,0.00046712863799999998,0.002287525632,3.2563381432759999,0.998917748918,73.990501598612994,,,,,3.29968457349,0.99003518421199999,1,-59.999995657052999,0,,0,,100,0.010619290946000001,,,turbine-mast-section-3,3,post-collapse,0,2026-02-08,2,2026,winter_Oct-Feb,,0,2,"[2, 3]",,,,,,,0.010619290946000001,,,,,,,,,,
8548b5d1-79fe-4681-b8cf-68f0e3c8192f,af683c7e-416a-4395-86cc-094ee83d9497,Yeongdeok Wind Turbine (Samgye-ri),tower,7c24d0c5-1b76-4da4-b462-637d073c572b,3,2026-02-20T09:23:40.404830+00:00,morning,ASCENDING,,,low,decorrelation_exceeded,,,bessel,amplitude_fallback,,,6331.7855292795457,-0.0067940923260000003,0.78616115473399995,3.2944636495799999,3.3162488462159998,0.65692285609400003,4.7599999999999998,13.1,0,13.199999999999999,21,41.823081905046998,0.00020025417400000001,0.003015696539,3.3014038926780001,0.998917748918,-6.7940923261649999,,,,,3.2944636495799999,0.98690469764199995,1,-59.999995657052999,0,,0,,70,0.031296792656000001,,,turbine-mast-section-3,3,post-collapse,0,2026-02-20,2,2026,winter_Oct-Feb,,0,2,"[2, 3]",,,,,,,0.031296792656000001,,,,,,,,,,
8ecd1176-7e3f-49ec-957d-79e3eae25e5d,af683c7e-416a-4395-86cc-094ee83d9497,Yeongdeok Wind Turbine (Samgye-ri),tower,7c24d0c5-1b76-4da4-b462-637d073c572b,3,2026-03-16T09:23:40.353392+00:00,morning,ASCENDING,,,low,processed,,,bessel,amplitude_fallback,,,7673.9307940908348,0.017949911889000001,0.95280332325499995,3.3063105154270001,3.3162488462159998,0.29968591771699998,1.9099999999999999,11.4,0,7.0999999999999996,45,41.824109187876999,3.2242922999999999e-05,0.0013683567990000001,3.3076338336769999,0.998917748918,17.949911888751998,2.4031855433690001,,,,3.3063105154270001,0.99401526281100006,1,-59.999995657052999,0,,0,,18,0.022291866997,,,turbine-mast-section-3,3,post-collapse,0,2026-03-16,3,2026,summer_Mar-Jul,intermediate,1,2,"[2, 3]",5,0.11904761904761904,3,1.4142135623730951,0.16470588235294117,0.18862670295834316,0.022291866997,42,6,7,3,4,2,5,3,3,0.40000000000000002
c34ea288-9c21-419e-8c61-1ce2ed801314,af683c7e-416a-4395-86cc-094ee83d9497,Yeongdeok Wind Turbine (Samgye-ri),tower,7c24d0c5-1b76-4da4-b462-637d073c572b,3,2026-04-09T09:23:40.592360+00:00,morning,ASCENDING,,,low,decorrelation_exceeded,,,bessel,amplitude_fallback,,,6838.2409957016698,-0.040653224738000003,0.84904319842700005,3.2981637566109998,3.3162488462159998,0.54534778430599995,5.5800000000000001,13.1,0.69999999999999996,10.9,98,41.822368982263001,0.00027519216799999998,0.0024992795809999999,3.3051117944950001,0.998917748918,-40.653224738428001,,,,,3.2981637566109998,0.98912278473399995,1,-59.999995657052999,0,,0,,30,0.03725901719,,,turbine-mast-section-3,3,post-collapse,0,2026-04-09,4,2026,summer_Mar-Jul,,0,2,"[2, 3]",,,,,,,0.03725901719,,,,,,,,,,
3f1ffed8-01b7-48b8-b3ce-5487ee3a95f6,af683c7e-416a-4395-86cc-094ee83d9497,Yeongdeok Wind Turbine (Samgye-ri),tower,7c24d0c5-1b76-4da4-b462-637d073c572b,3,2026-04-15T21:23:36.856415+00:00,afternoon,DESCENDING,,,high,decorrelation_exceeded,,,bessel,amplitude_fallback,,,861.55645003472296,0.010383851862,0.10697175551800001,3.259082537371,3.3162488462159998,1.7238244624029999,4.96,10.6,0,11.699999999999999,78,39.950743872964999,0.00021743578700000001,0.0080429320859999997,3.257779686014,0.998917748918,10.383851861564001,,,,,3.259082537371,0.96582066782999998,1,-59.999995657052999,0,,0,,8,0.208751219653,,,turbine-mast-section-3,3,post-collapse,0,2026-04-15,4,2026,summer_Mar-Jul,,0,2,"[2, 3]",,,,,,,0.208751219653,,,,,,,,,,
fdc960e8-1cc2-4692-9c73-e442ebd146f7,af683c7e-416a-4395-86cc-094ee83d9497,Yeongdeok Wind Turbine (Samgye-ri),tower,7c24d0c5-1b76-4da4-b462-637d073c572b,3,2026-04-27T21:23:37.455383+00:00,afternoon,DESCENDING,,,high,processed,,,bessel,amplitude_fallback,,,4506.6188993374599,0.028170277633999999,0.55954654519900004,3.283305142388,3.3162488462159998,0.99340264726600003,0.84999999999999998,10.800000000000001,0,2.5,95,39.947954315277002,6.3856560000000002e-06,0.0045836541419999998,3.2826486782919999,0.998917748918,28.170277634141001,3.0720054924300002,,,,3.283305142388,0.980230631937,1,-59.999995657052999,0,,0,,4,0.51285490248900001,,,turbine-mast-section-3,3,post-collapse,0,2026-04-27,4,2026,summer_Mar-Jul,,0,2,"[2, 3]",,,,,,,0.51285490248900001,,,,,,,,,,
