part,state,month,year,season,echo_mode,id,acquisition_ts,pass_label,orbit_direction,displacement_los_m,brightness_ratio,measured_frequency_hz,baseline_frequency_hz,frequency_drop_pct,wind_speed_ms,temperature_c,traffic_load_label,status,phase_detected_frequency_hz,phase_coherence,phase_status,coherence_gamma2,coherence_masked_pixels,ndvi,ndvi_scene_date,ndvi_confound_flagged,sub_aperture_modulation,coherent_sum_amplitude,registration_status,phase_rms_rad,condition_label,campaign_label,phase_snr_db,phase_observable,phase_unobservable_reason,snow_depth_m,snowfall_cm,precipitation_mm,wind_gust_ms,intensity,incidence_angle_deg,A,D,F,S,P,mask_rows,mask_cols,bbox_area,row_span,col_span,centroid_r,centroid_c,peak_r,peak_c,peak_intensity,gamma2_mask
part1,pre,6,2022,summer_Mar-Jul,compact,4b7a463b-6616-4eff-bbef-6174d08d51ab,2022-06-02T16:00:00+00:00,afternoon,DESCENDING,0.0,,,,,5.22,17.6,high,acquired,,0.17639185897998233,,0.02936431747713154,5,,,,,,,4.1976240917603675,,,-15.777307133899326,false,low_coherence,0.0,0.0,0.0,9.8,466.12582618206693,32.68538773917145,5,0.045454545454545456,2,4.951767361255983,0.23125,400,11,110,11,10,138.4,6.4,135,10,75545.0,0.029364317477131537
part1,pre,6,2022,summer_Mar-Jul,distributed,3758239a-a704-4e1f-8caf-12c963aefe89,2022-06-14T16:00:00+00:00,afternoon,DESCENDING,-0.02749570719196424,,,,,3.35,23.1,high,acquired,,0.15893474505506885,,0.0038598504693767126,56,,,,,,,4.571309690360564,,,-16.32529474539839,false,low_coherence,0.0,0.0,0.0,14.4,761.5466529265955,32.68527375317176,56,0.014300306435137897,27,66.77431386653807,0.056919642857142856,400,11,3916,356,11,93.76785714285714,5.071428571428571,27,6,25892.0,0.003859850469376713
part1,pre,7,2022,summer_Mar-Jul,distributed,4ee3e32b-3e29-4535-af01-25ac459beeee,2022-07-08T16:00:00+00:00,afternoon,DESCENDING,0.004914792705727567,,,,,3.32,24.6,high,acquired,,0.1680643538551614,,0.0006528571049538485,176,,,,,,,4.069962305646594,,,-16.323512284515726,false,low_coherence,0.0,0.0,0.0,7.0,11155.399216185326,32.68554261158143,176,0.04020100502512563,108,105.5286838050687,0.04918323863636364,400,11,4378,398,11,198.60227272727272,5.255681818181818,304,0,210226.0,0.0006528571049538485
part1,pre,7,2022,summer_Mar-Jul,distributed,f0c21485-0267-44a8-8e5b-45a90b8ca5db,2022-07-20T16:00:00+00:00,afternoon,DESCENDING,0.023660157560393812,,,,,5.73,24.8,high,acquired,,0.19320677718086413,,0.0011888680383232704,196,,,,,,,4.139206245969849,,,-14.532282333653104,false,low_coherence,0.0,0.0,0.0,10.4,9191.557539622556,32.68627006380947,196,0.044657097288676235,94,17.453911613510723,0.04974489795918367,400,11,4389,399,11,198.92857142857142,4.75,182,9,106570.0,0.0011888680383232702
part1,pre,8,2022,shoulder_Aug-Sep,distributed,134710e4-1ce6-494c-9e40-4399ad84bdf1,2022-08-01T16:00:00+00:00,afternoon,DESCENDING,0.04016979143040288,,,,,1.14,21.7,high,acquired,,0.16557560359992365,,0.004080921070010203,180,,,,,,,4.133011705060494,,,-17.710476180963685,false,low_coherence,0.0,0.0,0.0,4.2,2070.578326404582,32.68609002843584,180,0.04153207198892478,114,168.1004165100854,0.040190972222222225,400,11,4334,394,11,213.94444444444446,4.883333333333334,382,1,29221.0,0.004080921070010203
part1,pre,8,2022,shoulder_Aug-Sep,distributed,d2ef6a68-f61e-4836-af85-00eadf26c000,2022-08-13T16:00:00+00:00,afternoon,DESCENDING,0.027405202209667214,,,,,4.16,22.7,high,acquired,,0.16104727757164755,,0.0008671183370591147,236,,,,,,,4.222409172842576,,,-16.84310221434201,false,low_coherence,0.0,0.0,0.1,8.1,15444.368864926415,32.68549348399367,236,0.05529522024367385,112,179.5830779638761,0.0413135593220339,400,11,4268,388,11,190.57627118644066,5.563559322033898,11,4,115658.0,0.0008671183370591147
part1,pre,8,2022,shoulder_Aug-Sep,distributed,7d61aec5-5885-4a82-8271-4dbaa5f4076e,2022-08-25T05:00:00+00:00,morning,DESCENDING,,,,,,3.49,18.4,low,acquired,,0.16933634671271583,,0.003327897464276924,212,,,,,,,4.019331731052329,,,-17.141566451641395,false,low_coherence,0.0,0.0,0.0,5.7,5193.787411230265,32.68519475586149,212,0.04818181818181818,105,3.0448505982296283,0.03876768867924528,400,11,4400,400,11,194.54716981132074,4.995283018867925,194,2,31097.0,0.003327897464276924
part1,pre,9,2022,shoulder_Aug-Sep,distributed,e86e2f81-249f-4eb5-9b7a-11903dfba504,2022-09-06T16:00:00+00:00,afternoon,DESCENDING,,,,,,0.41,24.1,high,acquired,,0.16669011250225196,,0.003535867017357631,122,,,,,,,4.4003349977614725,,,-17.62917995342967,false,low_coherence,0.0,0.0,0.0,4.8,20326.563179339195,32.68670014600751,122,0.029497098646034815,74,115.53944147758561,0.0390625,400,11,4136,376,11,158.52459016393442,5.147540983606557,43,7,178801.0,0.0035358670173576304
part1,pre,9,2022,shoulder_Aug-Sep,distributed,dd370c54-166c-44cd-9e41-0b2fa1c3fec3,2022-09-18T16:00:00+00:00,afternoon,DESCENDING,,,,,,2.92,17.9,high,acquired,,0.15643480266984489,,0.009326808644587284,237,,,,,,,3.8148299726740844,,,-16.740926464580806,false,low_coherence,0.0,0.0,0.0,5.7,2543.3033453605926,32.68388658566857,237,0.054962894248608535,115,146.27902298204583,0.0401503164556962,400,11,4312,392,11,187.24894514767934,4.966244725738397,41,2,27065.0,0.009326808644587284
part1,pre,9,2022,shoulder_Aug-Sep,distributed,316adbf7-a096-4484-8f7f-c81ea5cb0d34,2022-09-30T16:00:00+00:00,afternoon,DESCENDING,,,,,,6.96,18.5,high,acquired,,0.21877484728822919,,0.0011258961238700064,153,,,,,,,4.103811773124002,,,-13.635925352556745,false,low_coherence,0.0,0.0,0.0,12.2,1677.8553315787567,32.68183144072107,153,0.03557312252964427,72,137.60314489837873,0.051879084967320264,400,11,4301,391,11,142.5032679738562,4.758169934640523,5,10,70666.0,0.0011258961238700064
part1,pre,10,2022,winter_Oct-Feb,distributed,8e1b0d9b-c561-4510-9cc9-08ea4c9b0ba3,2022-10-12T16:00:00+00:00,afternoon,DESCENDING,,,,,,7.22,7.4,high,acquired,,0.1580858217016371,,0.004979592447859195,97,,,,,,,4.410834503023723,,,-16.61949965636464,false,low_coherence,0.0,0.0,0.2,12.0,394.9124912255524,32.68212393240795,97,0.022904368358913813,52,143.08833366027335,0.05605670103092784,400,11,4235,385,11,157.06185567010309,5.247422680412371,14,8,14050.0,0.004979592447859195
part1,pre,10,2022,winter_Oct-Feb,distributed,74941ffe-283f-4b7b-9b83-ca32cec268d2,2022-10-24T16:00:00+00:00,afternoon,DESCENDING,,,,,,10.29,6.8,high,acquired,,0.1658436223758921,,0.0009811181659263337,77,,,,,,,4.036016501419669,,,-16.866462259259468,false,low_coherence,0.0,0.0,0.0,17.6,445.27850133197717,32.67950006462375,77,0.018469656992084433,45,25.16938736602815,0.06757305194805195,400,11,4169,379,11,164.97402597402598,5.12987012987013,140,2,14248.0,0.0009811181659263339
part1,pre,11,2022,winter_Oct-Feb,distributed,0da4c62a-260e-4eb3-9302-b3c8218d206a,2022-11-05T16:00:00+00:00,afternoon,DESCENDING,,,,,,3.0,1.3,high,acquired,,0.18035689437854938,,0.017527372121074074,55,,,,,,,3.320597234805095,,,-15.311284249890889,false,low_coherence,0.0,0.0,0.0,6.1,515.7990540738214,32.67900547482328,55,0.013297872340425532,39,53.53221321073574,0.07528409090909091,400,11,4136,376,11,198.52727272727273,5.2727272727272725,145,6,15445.0,0.017527372121074074
part1,pre,11,2022,winter_Oct-Feb,intermediate,1a02af2b-0dbf-4973-b95e-475ee221c800,2022-11-17T16:00:00+00:00,afternoon,DESCENDING,,,,,,8.66,-6.9,high,acquired,,0.1896675753210556,,0.006837209388926593,20,,,,,,,4.612153443381853,,,-15.382946936352237,false,low_coherence,0.04,0.14,0.2,15.0,1469.2235393631613,32.67793792076694,20,0.004734848484848485,14,101.74423816609959,0.10078125,400,11,4224,384,11,236.7,6.0,135,9,138836.0,0.006837209388926593
part1,pre,11,2022,winter_Oct-Feb,distributed,08f560a2-87b9-4e06-bf46-cd307b91147f,2022-11-29T16:00:00+00:00,afternoon,DESCENDING,,,,,,7.58,-7.3,high,acquired,,0.20541471644976222,,0.00047299709250516505,119,,,,,,,3.594290101602024,,,-14.748723397368822,false,low_coherence,0.01,0.0,0.0,13.2,328.2433002153809,32.67889975506768,119,0.02802637776731041,77,84.450076008846,0.05514705882352941,400,11,4246,386,11,183.68067226890756,4.697478991596639,268,0,11141.0,0.000472997092505165
part1,pre,12,2022,winter_Oct-Feb,distributed,c8b549c8-b4ce-47b4-89c0-8f99cf055f2f,2022-12-11T16:00:00+00:00,afternoon,DESCENDING,,,,,,5.6,-3.2,high,acquired,,0.15863762313143093,,0.019928279168188158,60,,,,,,,3.3112814040580023,,,-18.03844885036512,false,low_coherence,0.03,0.0,0.0,10.0,1970.5953890528308,32.67836856341845,60,0.013774104683195593,42,46.804759966861866,0.05546875,400,11,4356,396,11,240.46666666666667,4.966666666666667,287,10,74825.0,0.019928279168188158
part1,single,12,2022,winter_Oct-Feb,distributed,fb99037e-3d97-4080-ad18-8067770ad4a7,2022-12-23T16:00:00+00:00,afternoon,DESCENDING,,,,,,13.72,-24.6,high,acquired,,0.1776807806501268,,0.0013393056912106268,63,,,,,,,4.040627571752948,,,-15.910652311030862,false,low_coherence,0.27,0.0,0.0,19.4,982.9613269627074,32.67718049137243,63,0.01812428078250863,23,36.68683565401714,0.05555555555555555,400,11,3476,316,11,98.39682539682539,4.523809523809524,135,7,37802.0,0.001339305691210627
part2,rebuild,5,2023,summer_Mar-Jul,distributed,4a264313-eb8c-48df-97fd-e554c35e8e5c,2023-05-04T16:00:00+00:00,afternoon,DESCENDING,0.0,,,,,4.4,18.5,high,acquired,,0.1533835729078929,,0.02098752566182651,36,,,,,,,3.9701146702524936,,,-17.575503528033096,false,low_coherence,0.0,0.0,0.0,8.4,417.2664377413864,32.68455912353483,36,0.009193054136874362,17,30.47141192075688,0.07421875,400,11,3916,356,11,113.75,6.333333333333333,144,10,24578.0,0.020987525661826507
part2,rebuild,5,2023,summer_Mar-Jul,compact,30caf71f-9964-47cc-9635-50ac74aa07a3,2023-05-16T16:00:00+00:00,afternoon,DESCENDING,0.025096884937971343,,,,,4.48,20.5,high,acquired,,0.148577435896338,,0.024013078227173648,6,,,,,,,3.963651266015324,,,-17.64775861317334,false,low_coherence,0.0,0.0,0.0,8.5,549.4961036636663,32.68544015706398,6,0.00625,4,34.7343090074097,0.057291666666666664,400,11,960,120,8,99.33333333333333,5.833333333333333,134,8,51941.0,0.024013078227173648
part2,rebuild,5,2023,summer_Mar-Jul,distributed,2499f1c3-4522-4c7a-88f1-fd537539a8c7,2023-05-28T16:00:00+00:00,afternoon,DESCENDING,-0.03046833740305263,,,,,6.71,22.8,high,acquired,,0.15927015107669631,,0.0038811641594299886,41,,,,,,,3.2347081357303016,,,-17.567938815511862,false,low_coherence,0.0,0.0,0.0,12.2,2134.090013996045,32.72714705077865,41,0.011193011193011193,26,51.46251877615822,0.07469512195121951,400,11,3663,333,11,79.41463414634147,5.219512195121951,28,3,101608.0,0.0038811641594299886
part2,rebuild,6,2023,summer_Mar-Jul,distributed,1d290ac1-d0b7-4c20-ba2f-68d543619062,2023-06-09T16:00:00+00:00,afternoon,DESCENDING,0.005537024464860217,,,,,0.94,23.4,high,acquired,,0.1569900382039007,,0.017673317985174672,152,,,,,,,3.319389071088639,,,-17.628525116106147,false,low_coherence,0.0,0.0,0.0,5.9,7197.644673618999,32.68496355962755,152,0.034545454545454546,82,79.54668135903255,0.042557565789473686,400,11,4400,400,11,140.44736842105263,5.026315789473684,61,9,173561.0,0.017673317985174675
part2,rebuild,6,2023,summer_Mar-Jul,distributed,4f95523c-08c1-449a-bb26-916bf0186436,2023-06-21T16:00:00+00:00,afternoon,DESCENDING,-0.018912063819016837,,,,,3.86,26.2,high,acquired,,0.15103854415970436,,0.00661680390351204,136,,,,,,,3.7681049615469053,,,-16.814211109039448,false,low_coherence,0.0,0.0,0.0,7.6,903.343895509064,32.68920130104682,136,0.031701631701631705,75,41.842575759551075,0.04526654411764706,400,11,4290,390,11,124.5220588235294,5.169117647058823,83,0,22978.0,0.00661680390351204
part2,rebuild,7,2023,summer_Mar-Jul,distributed,c9c4eca7-1ee0-4eb6-a201-95d3acb450dc,2023-07-03T16:00:00+00:00,afternoon,DESCENDING,-0.007313862600215759,,,,,4.2,25.4,high,acquired,,0.16309069084270245,,0.01396063086844812,43,,,,,,,3.9281948830769284,,,-16.889587040904953,false,low_coherence,0.0,0.0,0.0,8.0,6512.16498961709,32.78752847441928,43,0.010858585858585859,25,172.31788263881023,0.06286337209302326,400,11,3960,360,11,177.2093023255814,3.883720930232558,5,10,156130.0,0.013960630868448119
part2,rebuild,7,2023,summer_Mar-Jul,distributed,7c299e80-d8b2-45e3-8bff-c66d829cf69f,2023-07-15T16:00:00+00:00,afternoon,DESCENDING,,,,,,5.11,21.8,high,acquired,,0.15231255905063448,,0.0016682245079752643,155,,,,,,,4.042424632731994,,,-17.459208185897722,false,low_coherence,0.0,0.0,0.0,9.2,16497.38333955822,32.72735007571372,155,0.03540429419826405,84,61.58893639582005,0.04334677419354839,400,11,4378,398,11,224.54193548387096,5.012903225806451,286,1,176405.0,0.0016682245079752643
part2,rebuild,7,2023,summer_Mar-Jul,distributed,b8673e73-3319-4eca-97f5-68fbccae6cf5,2023-07-27T16:00:00+00:00,afternoon,DESCENDING,,,,,,4.33,29.4,high,acquired,,0.16439193676833036,,0.006370716950855401,79,,,,,,,4.169923159707867,,,-16.07962133034691,false,low_coherence,0.0,0.0,0.0,7.9,3055.6222796234297,32.78859948204805,79,0.01818181818181818,53,177.76555812322871,0.04272151898734177,400,11,4345,395,11,188.7594936708861,4.531645569620253,11,6,44370.0,0.006370716950855401
part2,rebuild,8,2023,shoulder_Aug-Sep,distributed,ce3f1f94-95e9-4086-ab90-a3470e7df824,2023-08-08T16:00:00+00:00,afternoon,DESCENDING,,,,,,5.0,10.0,high,acquired,,0.2268823800595924,,0.0003461753644053583,202,,,,,,,3.8096344225085748,,,-13.978784603323174,false,low_coherence,,,,,3405.321023739558,32.68894324330301,202,0.04649021864211737,111,96.01223773112378,0.038830445544554455,400,11,4345,395,11,186.98019801980197,4.48019801980198,91,2,31501.0,0.0003461753644053583
part2,rebuild,8,2023,shoulder_Aug-Sep,distributed,d3d801fc-a3d6-4570-9ae0-e914319972cf,2023-08-20T16:00:00+00:00,afternoon,DESCENDING,,,,,,5.38,19.2,high,acquired,,0.19951193251318491,,0.004065506909455233,182,,,,,,,3.8985598559820858,,,-15.061698502868042,false,low_coherence,0.0,0.0,0.0,9.9,3319.9084224806656,32.68590355085971,182,0.04167620792305931,93,31.63635160547825,0.04352678571428571,400,11,4367,397,11,172.5,4.934065934065934,141,2,24634.0,0.004065506909455233
part2,rebuild,9,2023,shoulder_Aug-Sep,distributed,1e7c7644-a250-4f74-a5a1-852718e40d03,2023-09-01T16:00:00+00:00,afternoon,DESCENDING,,,,,,5.22,26.0,high,acquired,,0.17875588327951072,,0.013862998824739837,200,,,,,,,4.364770226533195,,,-16.46210526068916,false,low_coherence,0.0,0.0,0.0,9.6,2474.4835906830754,32.68465698744706,200,0.04579803068468056,112,79.64973085328033,0.04171875,400,11,4367,397,11,200.64,4.755,121,6,24137.0,0.013862998824739839
part2,rebuild,9,2023,shoulder_Aug-Sep,distributed,7942b35a-e817-495f-afeb-38f831a44426,2023-09-13T16:00:00+00:00,afternoon,DESCENDING,,,,,,5.8,16.8,high,acquired,,0.14463996681787392,,0.013744544070318308,162,,,,,,,5.152775867203676,,,-17.622023892325185,false,low_coherence,0.0,0.0,0.0,10.6,2602.155402400772,32.68515062409027,162,0.042198489189893204,100,53.66981334514181,0.040991512345679014,400,11,3839,349,11,192.64197530864197,4.728395061728395,139,3,30005.0,0.01374454407031831
part2,rebuild,9,2023,shoulder_Aug-Sep,compact,8e8e4372-8c99-4338-af8d-91bcc04d7079,2023-09-25T16:00:00+00:00,afternoon,DESCENDING,,,,,,3.13,17.3,high,acquired,,0.19960470390678983,,0.3204055494174989,6,,,,,,,3.1240706786719787,,,-14.768703895061622,false,low_coherence,0.0,0.0,0.1,6.9,11326.9342169754,32.68295091238539,6,0.0028735632183908046,3,33.88296851746547,0.16927083333333334,400,11,2088,232,9,167.83333333333334,8.166666666666666,134,10,399922.0,0.3204055494174989
part2,rebuild,10,2023,winter_Oct-Feb,compact,42bb18a0-04d5-4228-ba7b-1cce40649bbc,2023-10-07T16:00:00+00:00,afternoon,DESCENDING,,,,,,3.82,9.0,high,acquired,,0.16989867796443914,,0.2840707437452164,7,,,,,,,4.75683703486408,,,-16.869042376292334,false,low_coherence,0.0,0.0,0.0,7.6,3563.3051631647013,32.68140016703792,7,0.003943661971830986,4,47.87078696760645,0.12946428571428573,400,11,1775,355,5,181.85714285714286,8.857142857142858,134,10,208345.0,0.28407074374521646
part2,rebuild,10,2023,winter_Oct-Feb,compact,75c3b4a1-2bd3-4d35-888a-4b0b1af8929c,2023-10-19T16:00:00+00:00,afternoon,DESCENDING,,,,,,3.0,12.4,high,acquired,,0.18760888992099697,,0.19117838966462222,4,,,,,,,4.417169804391302,,,-16.029485281949544,false,low_coherence,0.0,0.0,0.0,6.2,5342.38063414726,32.67981317106806,4,1.0,1,0.7071067811865476,0.27734375,400,11,4,2,2,134.5,9.5,135,10,529640.0,0.19117838966462222
part2,rebuild,10,2023,winter_Oct-Feb,compact,c0794ae7-5ef5-4d44-9c71-7b3b245f006c,2023-10-31T16:00:00+00:00,afternoon,DESCENDING,,,,,,5.46,-5.0,high,acquired,,0.16924049019759052,,0.10872944585431302,4,,,,,,,4.3691547471296905,,,-15.832411914950212,false,low_coherence,0.01,0.0,0.0,11.2,6139.8814896418235,32.68170076394826,4,1.0,1,0.7071067811865476,0.27734375,400,11,4,2,2,134.5,9.5,134,9,359873.0,0.10872944585431302
part2,rebuild,11,2023,winter_Oct-Feb,distributed,6bf38fac-bb1b-42d2-b09b-2a0cb990dd15,2023-11-12T16:00:00+00:00,afternoon,DESCENDING,,,,,,5.95,4.5,high,acquired,,0.1685459767623388,,0.001461060222120565,92,,,,,,,4.865803088326894,,,-16.414164451804414,false,low_coherence,0.0,0.0,0.0,11.3,4485.743731915616,32.67836593006376,92,0.021227503461006,57,40.900572187843586,0.060122282608695655,400,11,4334,394,11,174.7391304347826,5.369565217391305,134,9,79129.0,0.001461060222120565
part2,rebuild,11,2023,winter_Oct-Feb,compact,a5c2c685-fd80-41b1-9fdd-ce1f03cfd905,2023-11-24T16:00:00+00:00,afternoon,DESCENDING,,,,,,1.17,-7.3,high,acquired,,0.16611020607872692,,0.3079274263378948,5,,,,,,,4.087054239666552,,,-16.16414900660996,false,low_coherence,0.0,0.0,0.0,3.7,2110.2931927511536,32.67984709878166,5,0.4166666666666667,2,1.0000000000000089,0.2125,400,11,12,3,4,135.8,8.4,135,9,151229.0,0.3079274263378948
part2,rebuild,12,2023,winter_Oct-Feb,distributed,e336027b-5396-4266-819f-a5e061a27128,2023-12-06T16:00:00+00:00,afternoon,DESCENDING,,,,,,5.8,3.7,high,acquired,,0.15454859134114127,,0.0032629024366080334,36,,,,,,,4.25506796994599,,,-17.797377976102304,false,low_coherence,0.01,0.0,0.0,9.6,362.0865102092869,32.67976111817824,36,0.013793103448275862,18,36.52672157323853,0.0876736111111111,400,11,2610,261,10,105.58333333333333,4.833333333333333,142,2,18836.0,0.0032629024366080343
part2,rebuild,12,2023,winter_Oct-Feb,distributed,72991592-66d3-470e-a646-1c91e52f3c5b,2023-12-18T16:00:00+00:00,afternoon,DESCENDING,,,,,,2.0,-8.0,high,acquired,,0.16367781024385605,,0.02192560789359764,220,,,,,,,4.362284529597064,,,-17.494150396712428,false,low_coherence,0.01,0.0,0.0,4.6,290.8580708958323,32.67895703868386,220,0.05012531328320802,129,136.6716534146984,0.047301136363636365,400,11,4389,399,11,173.61818181818182,4.822727272727272,37,1,8656.0,0.02192560789359764
part2,rebuild,12,2023,winter_Oct-Feb,distributed,291746e7-4b25-4c4b-ab27-5a5490b935a1,2023-12-30T16:00:00+00:00,afternoon,DESCENDING,,,,,,7.34,-3.9,high,acquired,,0.14751569481008278,,0.0005513040070922466,113,,,,,,,4.185917132632015,,,-18.637003613453917,false,low_coherence,0.03,0.0,0.0,12.4,512.1382946719762,32.68030975103573,113,0.02689195621132794,65,128.63729264170556,0.05434181415929203,400,11,4202,382,11,138.61061946902655,5.380530973451328,10,8,13025.0,0.0005513040070922466
part2,rebuild,1,2024,winter_Oct-Feb,distributed,ea9474a3-6469-4169-a3f0-39f4616f1160,2024-01-11T16:00:00+00:00,afternoon,DESCENDING,,,,,,5.15,-18.4,high,acquired,,0.19631859781050737,,0.03754099097175515,90,,,,,,,3.7927621715110718,,,-14.724713182685953,false,low_coherence,0.09,0.0,0.0,8.1,5796.354803603922,32.67821597102181,90,0.020871985157699443,54,136.4518727619629,0.05625,400,11,4312,392,11,175.57777777777778,4.844444444444444,312,2,107505.0,0.037540990971755145
part2,rebuild,1,2024,winter_Oct-Feb,distributed,12008116-3238-4c5f-8cb0-7c82e95805fc,2024-01-23T16:00:00+00:00,afternoon,DESCENDING,,,,,,3.55,-4.5,high,acquired,,0.13932189978619594,,0.00849565219829013,97,,,,,,,3.6091467040643717,,,-18.352361551249967,false,low_coherence,0.11,0.0,0.0,6.0,4815.714227688921,32.68039581269328,97,0.022727272727272728,47,112.1012146474475,0.06475515463917526,400,11,4268,388,11,180.03092783505156,4.969072164948454,68,1,86692.0,0.00849565219829013
part2,rebuild,2,2024,winter_Oct-Feb,distributed,1c8608d3-0fab-4b00-984d-50820044c494,2024-02-04T16:00:00+00:00,afternoon,DESCENDING,,,,,,2.7,-1.4,high,acquired,,0.17165648235326939,,0.008753345655544639,181,,,,,,,4.969704237822442,,,-16.19835817889349,false,low_coherence,0.0,0.0,0.0,5.4,1582.5725662799846,32.68271932771626,181,0.04165707710011508,111,184.40924945058444,0.04350828729281768,400,11,4345,395,11,193.39226519337018,4.497237569060774,9,7,31690.0,0.008753345655544639
part2,rebuild,2,2024,winter_Oct-Feb,compact,e9a8e365-93e1-42c9-86c7-27a30fc1576a,2024-02-16T16:00:00+00:00,afternoon,DESCENDING,,,,,,5.69,-13.4,high,acquired,,0.13829493258982176,,0.05935965892981263,6,,,,,,,3.7146164982752223,,,-19.26552846045697,false,low_coherence,0.04,0.0,0.0,10.3,2839.059107135733,32.68449025043039,6,0.002244668911335578,4,59.70971445250764,0.1328125,400,11,2673,243,11,194.5,5.0,135,10,248656.0,0.05935965892981263
part2,rebuild,2,2024,winter_Oct-Feb,compact,bc1c6518-744a-4be6-a3fe-0a51c55da796,2024-02-28T16:00:00+00:00,afternoon,DESCENDING,,,,,,3.41,-13.8,high,acquired,,0.15680247890951687,,0.13450905103951027,4,,,,,,,4.174791497558402,,,-16.87131257496461,false,low_coherence,0.0,0.0,0.0,7.4,2112.0580206351283,32.685163551456,4,1.0,1,0.7071067811865476,0.1640625,400,11,4,2,2,133.5,9.5,134,9,279914.0,0.13450905103951027
part2,rebuild,3,2024,summer_Mar-Jul,compact,0befb1a3-5c6d-4646-b6ae-41498caf9438,2024-03-11T16:00:00+00:00,afternoon,DESCENDING,,,,,,3.49,10.4,high,acquired,,0.16137373164022042,,0.019305375642331413,7,,,,,,,3.1377906240487747,,,-16.726914528896486,false,low_coherence,0.0,0.0,0.0,7.1,3038.092601458295,32.68743616217668,7,0.0036231884057971015,4,15.024469836821233,0.09598214285714286,400,11,1932,276,7,118.0,8.142857142857142,133,9,234090.0,0.01930537564233141
part2,rebuild,3,2024,summer_Mar-Jul,distributed,6069a539-3d4d-419c-8539-30bf37e90255,2024-03-23T16:00:00+00:00,afternoon,DESCENDING,,,,,,4.05,-5.1,high,acquired,,0.17488375588573282,,0.0525298668914105,56,,,,,,,4.165658209596944,,,-15.361875495245776,false,low_coherence,0.03,0.07,0.1,7.8,2720.4229334763136,32.68956559816513,56,0.015017430946634486,37,13.1240402953309,0.07310267857142858,400,11,3729,339,11,147.41071428571428,5.732142857142857,135,10,69224.0,0.0525298668914105
part2,rebuild,4,2024,summer_Mar-Jul,distributed,5b287752-2351-40ee-adb4-085aa2063a8f,2024-04-04T16:00:00+00:00,afternoon,DESCENDING,,,,,,4.4,6.3,high,acquired,,0.144837719474306,,0.046714008598740364,53,,,,,,,4.219166843393055,,,-19.761640328167232,false,low_coherence,0.01,0.0,0.0,8.6,416.69602235372383,32.68656424164988,53,0.012848484848484849,33,25.792514941057842,0.06367924528301887,400,11,4125,375,11,118.20754716981132,4.943396226415095,144,5,13172.0,0.04671400859874037
part2,rebuild,4,2024,summer_Mar-Jul,intermediate,cc02b4bf-ef7b-4271-b936-86a47311720a,2024-04-16T16:00:00+00:00,afternoon,DESCENDING,,,,,,8.2,12.9,high,acquired,,0.16386950733978825,,0.05214669930488846,19,,,,,,,4.014266855523565,,,-17.09902425711366,false,low_coherence,0.0,0.0,0.0,17.5,8792.306626781303,32.6837393808111,19,0.004474799811587376,12,153.76819983266498,0.0962171052631579,400,11,4246,386,11,158.73684210526315,5.894736842105263,5,9,401845.0,0.05214669930488846
part2,rebuild,4,2024,summer_Mar-Jul,distributed,5718bd0b-9ce3-4176-95c7-aa094bee189e,2024-04-28T16:00:00+00:00,afternoon,DESCENDING,,,,,,7.14,6.0,high,acquired,,0.16524912335331476,,0.01481496578340461,225,,,,,,,5.653419482949335,,,-16.132835492918677,false,low_coherence,0.0,0.0,1.0,13.5,2012.070113597384,32.68574888657532,225,0.05139333028780265,124,32.93459946584001,0.04534722222222222,400,11,4378,398,11,165.48444444444445,4.573333333333333,133,10,24660.0,0.014814965783404613
part2,rebuild,5,2024,summer_Mar-Jul,distributed,08eeab85-be44-476e-aae1-e16ee577d2cc,2024-05-10T16:00:00+00:00,afternoon,DESCENDING,,,,,,7.18,17.0,high,acquired,,0.17797238412104543,,0.01828286866312308,76,,,,,,,4.478660409548724,,,-15.75657150389872,false,low_coherence,0.0,0.0,0.0,12.8,586.5682305473089,32.72854889322407,76,0.01935319582378406,30,88.5308538560853,0.06825657894736842,400,11,3927,357,11,103.42105263157895,5.592105263157895,15,10,19265.0,0.018282868663123078
part2,rebuild,5,2024,summer_Mar-Jul,distributed,6da200b0-7d86-4e43-b355-88163b9942d8,2024-05-22T16:00:00+00:00,afternoon,DESCENDING,,,,,,7.38,15.8,high,acquired,,0.18583950917767655,,0.003321034801577071,150,,,,,,,4.188472819602095,,,-15.625243508361063,false,low_coherence,0.0,0.0,0.0,13.9,10840.106065391941,32.78549218800075,150,0.034262220191868434,78,188.7873589223836,0.0490625,400,11,4378,398,11,206.72666666666666,4.786666666666667,18,0,171560.0,0.0033210348015770713
part2,rebuild,6,2024,summer_Mar-Jul,compact,1a00d1cf-2a3c-4685-987d-fc610e656a80,2024-06-03T16:00:00+00:00,afternoon,DESCENDING,,,,,,2.33,21.9,high,acquired,,0.16747848198034102,,0.040266779878774,7,,,,,,,4.742114282260476,,,-16.341679093325755,false,low_coherence,0.0,0.0,0.0,6.2,8786.87706180026,32.78766741126843,7,0.013358778625954198,4,54.58059010606729,0.14732142857142858,400,11,524,131,4,81.42857142857143,9.0,136,10,517205.0,0.040266779878774
part2,rebuild,6,2024,summer_Mar-Jul,distributed,cf8e86cd-e3d1-4b72-9b58-b0f882434a25,2024-06-15T16:00:00+00:00,afternoon,DESCENDING,,,,,,7.21,20.0,high,acquired,,0.15731465435623807,,0.044502818442157484,29,,,,,,,4.143171031555985,,,-16.761242504268523,false,low_coherence,0.0,0.0,0.0,13.1,735.0023582325374,32.7875423124501,29,0.009446254071661237,16,68.4840087395014,0.08135775862068965,400,11,3070,307,10,78.51724137931035,4.413793103448276,147,4,32041.0,0.044502818442157484
part2,rebuild,6,2024,summer_Mar-Jul,distributed,6d97379f-5f06-4b07-a431-65c5627f3741,2024-06-27T16:00:00+00:00,afternoon,DESCENDING,,,,,,4.04,16.6,high,acquired,,0.13587616738570785,,0.001361362776829673,228,,,,,,,4.677501931267902,,,-19.27147355019089,false,low_coherence,0.0,0.0,5.8,6.8,9664.084166995584,32.72857189017606,228,0.05181818181818182,98,189.04123661998503,0.045435855263157895,400,11,4400,400,11,229.00438596491227,5.267543859649122,40,9,161474.0,0.0013613627768296727
part2,rebuild,7,2024,summer_Mar-Jul,distributed,deb7a1e3-723c-4f1f-acf9-d614090db164,2024-07-09T16:00:00+00:00,afternoon,DESCENDING,,,,,,0.94,25.0,high,acquired,,0.17227297636296465,,0.00252319078109091,197,,,,,,,4.082885247719076,,,-15.682471388900996,false,low_coherence,0.0,0.0,0.0,4.5,2447.3528425788863,32.73142360092628,197,0.04477272727272727,101,93.64197633826545,0.04259200507614213,400,11,4400,400,11,218.59390862944161,5.0,125,8,31037.0,0.0025231907810909105
part2,rebuild,7,2024,summer_Mar-Jul,compact,fb43bcd6-bd26-4cc7-be3c-3f1a09f9c269,2024-07-21T16:00:00+00:00,afternoon,DESCENDING,,,,,,1.7,20.8,high,acquired,,0.21445527970435033,,0.33846328385249885,3,,,,,,,3.897784966764711,,,-15.48180299366705,false,low_coherence,0.0,0.0,3.5,7.8,20735.984440821467,32.72947841045511,3,0.25,2,0.7453559924999336,0.18229166666666666,400,11,12,4,3,136.66666666666666,8.666666666666666,137,8,899621.0,0.33846328385249885
part2,rebuild,8,2024,shoulder_Aug-Sep,distributed,ef0e6a5f-d0ed-444e-8238-c5c9b8d32094,2024-08-02T16:00:00+00:00,afternoon,DESCENDING,,,,,,2.06,27.7,high,acquired,,0.14810278232638494,,0.0019104918537937226,203,,,,,,,3.4022699467601254,,,-17.641519267243538,false,low_coherence,0.0,0.0,0.0,5.1,2979.2954303556944,32.78891582828179,203,0.04707792207792208,112,150.1253264854318,0.04264162561576355,400,11,4312,392,11,206.93103448275863,5.113300492610837,357,1,32369.0,0.0019104918537937228
part2,rebuild,8,2024,shoulder_Aug-Sep,compact,3c98e709-c888-4333-8ed9-aadee42c7a1d,2024-08-14T16:00:00+00:00,afternoon,DESCENDING,,,,,,6.62,19.7,high,acquired,,0.1604241674690905,,0.165383841225306,2,,,,,,,4.392338073498024,,,-16.839458564457804,false,low_coherence,0.0,0.0,0.5,11.0,16332.2057745542,32.68660713506616,2,1.0,1,0.5,0.3046875,400,11,2,2,1,135.5,10.0,135,10,2065517.0,0.165383841225306
part2,rebuild,8,2024,shoulder_Aug-Sep,distributed,75f101e9-e57c-4b0b-9b01-6a5bbab968c1,2024-08-26T16:00:00+00:00,afternoon,DESCENDING,,,,,,5.15,24.5,high,acquired,,0.20489931072582027,,0.05767814838060994,30,,,,,,,4.580817569537154,,,-14.27238688745586,false,low_coherence,0.0,0.0,0.1,9.9,25324.69982158196,32.68984136142608,30,0.008982035928143712,18,39.08033037503933,0.052083333333333336,400,11,3340,334,10,176.06666666666666,4.966666666666667,137,6,371720.0,0.057678148380609945
part2,rebuild,9,2024,shoulder_Aug-Sep,distributed,fccb2c87-d3f8-4da3-9842-b4f32e45f4f3,2024-09-07T16:00:00+00:00,afternoon,DESCENDING,,,,,,2.77,17.8,high,acquired,,0.1574714968424703,,0.0055174839692147485,189,,,,,,,4.10606762266924,,,-17.40993264439484,false,low_coherence,0.0,0.0,0.0,6.0,4036.7351545295724,32.6869577714598,189,0.04509663564781675,106,142.9086414133147,0.03910383597883598,400,11,4191,381,11,224.83068783068782,4.71957671957672,82,0,24452.0,0.0055174839692147485
part2,rebuild,9,2024,shoulder_Aug-Sep,distributed,63ca8b78-22fb-4fbf-aeff-5dd18e2a8486,2024-09-19T16:00:00+00:00,afternoon,DESCENDING,,,,,,6.86,21.0,high,acquired,,0.1650211462746193,,0.009573040619807585,138,,,,,,,3.329938849363985,,,-16.871845283563093,false,low_coherence,0.0,0.0,0.0,11.9,3506.8426173111575,32.68638189336562,138,0.03494555583692074,80,107.84587339883588,0.042346014492753624,400,11,3949,359,11,180.7391304347826,5.202898550724638,73,10,33137.0,0.009573040619807585
