track|date|deck_intensity|deck_gamma2|deck_phase_R|dphi_deck_minus_ref
A_asc|2016-09-01|217559.8|0.0036697385|0.058066197|0.60890651
A_asc|2016-09-13|207957.3|0.019377228|0.12018454|-0.077350318
A_asc|2016-09-25|224766|0.0037023143|0.047499262|-1.3406445
A_asc|2016-10-07|202530.5|0.010001739|0.09021046|0.35284752
A_asc|2016-10-13|128171.86|0.00059870235|0.02114678|0.62130005
A_asc|2016-10-19|212116.09|0.002960504|0.023425216|-0.25317604
A_asc|2016-10-25|166552.64|0.0034934503|0.043317799|-1.0054983
A_asc|2016-10-31|230725.95|0.0031825532|0.065232746|2.3769839
A_asc|2016-11-06|144838.2|0.00063645717|0.017870732|-0.17150331
A_asc|2016-11-12|244761.97|0.0064229951|0.068056688|1.419201
A_asc|2016-11-18|139782.7|0.0019122196|0.050015368|0.61293912
A_asc|2016-11-24|377009.19|0.001427041|0.035358675|-0.58599693
A_asc|2016-11-30|196373.2|0.00023168596|0.01972338|2.9269272
A_asc|2016-12-06|216946|0.0034867292|0.068555936|0.16336429
A_asc|2016-12-12|160577.8|0.00086455978|0.034839734|1.362308
A_asc|2016-12-18|249573.16|0.0027697678|0.041542593|-0.59380341
A_asc|2016-12-24|147765.03|0.0021473158|0.012222948|1.2546604
A_asc|2016-12-30|262855.62|0.0092788488|0.061531633|3.0114262
A_asc|2017-01-05|117257.16|0.0028753432|0.02712219|-0.15897703
A_asc|2017-01-11|282169.38|0.00036450016|0.038669363|-0.50391781
A_asc|2017-01-17|164240.41|0.002454665|0.04825196|1.2733483
A_asc|2017-01-23|240781.09|0.0047184746|0.02026128|-0.59607166
A_asc|2017-01-29|143965.66|0.0021589564|0.029132247|1.2789401
A_asc|2017-02-04|254505.58|0.0029792634|0.047099818|0.89640641
A_asc|2017-02-10|165141.47|1.1352349e-05|0.01882964|-1.029194
A_asc|2017-02-16|263802.44|0.0065285484|0.03092207|1.2222388
A_asc|2017-02-22|182627.02|0.0032960249|0.085919|1.2757882
A_asc|2017-02-28|183182.59|0.0019792428|0.03813646|2.2402411
A_asc|2017-03-06|196701.52|0.0066450052|0.055770122|0.039893866
A_asc|2017-03-12|229975.5|0.0052578109|0.064231835|2.6200107
A_asc|2017-03-18|252293.3|0.0014402831|0.0056168204|-0.068341494
A_asc|2017-03-24|207083.03|0.0031564641|0.0055805556|2.7551579
A_asc|2017-03-30|307433.97|0.010822767|0.077380635|0.27328903
A_asc|2017-04-05|297400.59|0.0075225513|0.059069853|0.51269221
A_asc|2017-04-11|257755.34|0.01782091|0.11237796|2.3833488
A_asc|2017-04-17|244617.55|0.00091074692|0.079987869|2.0061662
A_asc|2017-04-23|290977.09|0.011521466|0.12638626|0.61374879
A_asc|2017-04-29|203080.28|0.016079551|0.088257879|0.13419747
A_asc|2017-05-05|237799.58|0.00028161099|0.020640142|2.7678254
A_asc|2017-05-11|156745.34|0.013038334|0.086477846|-0.31061107
A_asc|2017-05-17|187435.52|0.0032605662|0.090997279|-2.4770458
A_asc|2017-05-23|171138.61|0.00025956714|0.023469631|-0.49790633
A_asc|2017-05-29|256122.2|0.0072978153|0.022016892|-0.34243941
A_asc|2017-06-04|217936.55|0.0094385101|0.083701394|-1.1858101
A_asc|2017-06-10|149916.09|0.0053994837|0.058231562|-0.59538162
A_asc|2017-06-16|189877.91|0.0097823022|0.072303869|-0.93867189
A_asc|2017-06-22|223103.28|0.00018496014|0.031853277|0.12391794
A_asc|2017-06-28|154951.58|0.0054731034|0.045484878|0.035274088
A_asc|2017-07-04|141973.91|0.0062377322|0.062435143|-1.4091545
A_asc|2017-07-10|186800.55|0.014161651|0.12698437|1.1738527
A_asc|2017-07-16|214709.62|0.00045122454|0.03490939|-0.047906399
A_asc|2017-07-22|179866.86|0.0004331666|0.028031081|-0.29633427
A_asc|2017-07-28|237862.05|0.009097686|0.038153194|0.1833818
A_asc|2017-08-03|172828.91|0.0089703165|0.089889422|-0.6128006
A_asc|2017-08-09|201929.2|0.0017162438|0.048364237|-0.64398241
A_asc|2017-08-15|159590.92|0.002004867|0.038231179|0.18854463
A_asc|2017-08-21|188597.5|0.0041011311|0.039202414|0.091284037
A_asc|2017-08-27|163691.41|0.010155415|0.067721836|-1.2315643
A_asc|2017-09-02|222873.67|0.0094601158|0.060642891|-2.2209013
A_asc|2017-09-08|174479.53|0.0012401559|0.064036317|1.7969724
A_asc|2017-09-14|198946.14|0.00035125294|0.015048052|1.4972764
A_asc|2017-09-20|199444.12|0.00096885848|0.022668255|-2.4492584
A_asc|2017-09-26|208077.47|0.00018176439|0.023642018|1.2707623
A_asc|2017-10-02|161071.41|0.0080999229|0.083095506|-1.250928
A_asc|2017-10-08|244306.75|0.013742479|0.086290389|-0.50615686
A_asc|2017-10-14|199588.84|0.0023908245|0.062212635|0.76620442
A_asc|2017-10-20|244530.22|0.0066307457|0.047159184|1.8333451
A_asc|2017-10-26|173053.44|0.00021166143|0.0090001887|1.2223542
A_asc|2017-11-01|170786.67|0.0036920458|0.051442277|0.1016454
A_asc|2017-11-07|197308.08|0.0062082345|0.057063155|-2.8347366
A_asc|2017-11-13|194649.55|0.0051695472|0.05830406|-2.1380501
A_asc|2017-11-19|602501|0.0012293011|0.041657802|-0.6806289
A_asc|2017-11-25|203241.7|0.0019913183|0.065850347|0.37048566
A_asc|2017-12-01|593189.38|0.001318953|0.025612539|-2.7590888
A_asc|2017-12-07|293744.91|0.0040831529|0.027283628|0.97877955
A_asc|2017-12-13|526456.81|0.00035994046|0.038959917|-1.175698
A_asc|2017-12-19|128669.31|0.0010199316|0.04484487|1.3432871
A_asc|2017-12-25|500239.66|0.0001120816|0.046540163|0.71310043
A_asc|2017-12-31|312522.16|0.0004432862|0.058981072|-0.54486454
A_asc|2018-01-06|636756.62|0.00087467016|0.060694806|1.7972806
A_asc|2018-01-12|289794.72|0.004121541|0.047138337|-0.15579379
A_asc|2018-01-18|559733|8.0111886e-06|0.027552569|-0.073591292
A_asc|2018-01-24|234447.17|0.0021717735|0.04688121|1.5972172
A_asc|2018-01-30|605633.31|0.0022085274|0.047688268|1.3451405
A_asc|2018-02-05|412907.53|0.00098808471|0.01248765|0.16461468
A_asc|2018-02-11|551023.62|0.0002249083|0.042219903|1.5920507
A_asc|2018-02-17|395968.44|0.0014875603|0.032869332|2.1191405
A_asc|2018-02-23|453490.09|0.0020185742|0.054636709|-2.5173774
A_asc|2018-03-01|199573.48|0.0043639317|0.05153846|2.843502
A_asc|2018-03-07|649169.31|0.0031017445|0.059578903|1.2014651
A_asc|2018-03-13|233339.58|0.0068567679|0.040982887|-2.9104231
A_asc|2018-03-19|597564.56|0.00070861442|0.031908959|1.1475234
A_asc|2018-03-25|259627.8|0.012466233|0.087312743|2.5148096
A_asc|2018-03-31|866751.12|0.0044546174|0.053054262|0.89429152
A_asc|2018-04-06|270948.62|0.001776423|0.04609894|1.1861098
A_asc|2018-04-12|770601.81|0.008337725|0.077406995|2.712554
A_asc|2018-04-24|578069|0.00071884377|0.032939959|-1.2017435
A_asc|2018-04-30|261753.5|0.0051979921|0.087977871|2.2871826
A_asc|2018-05-06|830823.81|0.0002914558|0.028160129|1.1393371
A_asc|2018-05-12|149078.67|0.0046711895|0.037484013|-0.38555095
A_asc|2018-05-18|698484.12|0.0056583732|0.072494954|1.5260568
A_asc|2018-05-24|235849.66|0.00096667855|0.086021528|-2.5663856
A_asc|2018-05-30|517416|0.0013881313|0.014055455|-0.068106651
A_asc|2018-06-05|219735.62|0.0062560928|0.063733481|-0.90125114
A_asc|2018-06-11|645931.62|0.0016623234|0.01025608|0.89040023
A_asc|2018-06-17|170814.59|0.0076862792|0.044811331|-1.5908654
A_asc|2018-06-23|478755.09|0.006172704|0.0097202323|0.47029305
A_asc|2018-07-05|533927.12|0.0026070834|0.072902665|1.8165467
A_asc|2018-07-11|233373.47|0.0015659909|0.032856598|-2.0774491
A_asc|2018-07-17|640307.19|0.0021227747|0.022959616|2.0507314
A_asc|2018-07-23|204979.28|0.0088465866|0.059539877|-2.226655
A_asc|2018-07-29|586953.38|0.0025702815|0.036508892|0.87332058
A_asc|2018-08-04|213788.95|0.0046524885|0.045441687|-0.32456785
A_asc|2018-08-10|669735.69|0.0021228534|0.016859474|1.6003423
A_asc|2018-08-16|218202.16|0.0019875271|0.0087509975|-1.1343714
A_asc|2018-08-22|482081.44|0.0044946307|0.055631299|2.074199
A_asc|2018-08-28|183955.84|0.0082225055|0.053033449|-1.3570138
A_asc|2018-09-03|589489.12|0.0012531342|0.061980218|2.4564474
A_asc|2018-09-09|233119.22|0.0021492955|0.062389534|-1.0430988
A_des|2016-08-24|55638.324|0.00093886629|0.012402049|1.3526108
A_des|2016-09-05|58519.312|0.0014236771|0.049525462|-1.5715273
A_des|2016-09-17|54045.363|0.00017760645|0.031344049|-0.72323596
A_des|2016-09-29|61602.023|0.00020232979|0.021797851|1.2261567
A_des|2016-10-05|11091.711|0.00030818273|0.01876666|-2.5287526
A_des|2016-10-11|55197.773|0.00032987481|0.021104403|-2.4692116
A_des|2016-10-17|12660.592|3.3092947e-05|0.033060461|2.7460918
A_des|2016-10-23|50624.539|3.0234909e-05|0.039199941|1.7771986
A_des|2016-10-29|12797.225|0.0010881205|0.043807305|-1.3259619
A_des|2016-11-04|43607.633|0.0030001472|0.032549214|-3.0206511
A_des|2016-11-16|62268|6.7076056e-05|0.029013481|3.0903144
A_des|2016-11-22|78835.852|0.0076099401|0.013272874|-1.4908002
A_des|2016-11-28|46249.668|0.00051863451|0.046970379|0.50018132
A_des|2016-12-04|13396.389|0.00040431219|0.031202579|0.40609255
A_des|2016-12-10|73409.516|0.00035052255|0.017469537|2.5236409
A_des|2016-12-16|65682.109|0.00056207896|0.046840589|0.40850782
A_des|2016-12-22|63125.176|0.001988993|0.058644313|-1.6361692
A_des|2016-12-28|29911.807|0.0071393722|0.059495479|0.44923156
A_des|2017-01-03|68400.898|0.0020161455|0.072383776|-1.935285
A_des|2017-01-09|22241.621|0.00075338449|0.027719548|3.1055582
A_des|2017-01-15|66048.828|0.0003144966|0.026610991|-2.3174214
A_des|2017-01-27|84181|0.00071750523|0.034545343|1.3397802
A_des|2017-02-08|59882.039|0.0017690533|0.049798857|-1.8464215
A_des|2017-02-20|56176.449|0.00078135805|0.058643736|-0.46351171
A_des|2017-03-04|72885.875|0.00054264697|0.055024505|-0.81647873
A_des|2017-03-10|79302.234|0.0047027995|0.016710341|1.8168904
A_des|2017-03-16|60487.801|0.00080288743|0.043068118|-0.14749181
A_des|2017-03-28|49224.102|5.7422614e-05|0.015592573|-0.23429824
A_des|2017-04-03|57742.707|0.0020189276|0.028295498|-0.42389297
A_des|2017-04-09|56630.113|0.00087583921|0.041255362|-1.8992737
A_des|2017-04-15|59808.074|0.0021553761|0.057502069|0.84044296
A_des|2017-04-21|57989.344|0.0031510752|0.036649629|-1.8145669
A_des|2017-04-27|55472.68|0.0053316979|0.066220991|-0.79092264
A_des|2017-05-03|72681.953|0.0010359847|0.056290705|1.0088294
A_des|2017-05-09|61809.137|0.00021064658|0.026102239|-2.8196524
A_des|2017-05-15|50970.52|0.0011636636|0.017348779|-0.014669657
A_des|2017-05-21|63173.926|0.00082202448|0.039900344|0.973176
A_des|2017-06-02|59452.176|0.000530469|0.040187307|2.3894205
A_des|2017-06-08|59290.992|0.0018131036|0.044359192|-2.0244033
A_des|2017-06-14|52646.352|0.00060666434|0.02789231|-0.10320044
A_des|2017-06-20|59447.148|0.00036503837|0.030033475|2.1619663
A_des|2017-06-26|62081.613|0.00037200676|0.050207704|1.6104191
A_des|2017-07-02|46893.148|0.0055075493|0.07440339|2.0012878
A_des|2017-07-14|54225.801|7.4071245e-06|0.0031043813|0.57332337
A_des|2017-07-20|73764.211|0.00059848692|0.070827924|1.9441255
A_des|2017-07-26|62326.336|0.00076623895|0.014663865|-0.94298398
A_des|2017-08-01|69275.539|0.00071382249|0.06397707|2.9667338
A_des|2017-08-07|41958.055|0.00024214719|0.0043065166|-1.2116272
A_des|2017-08-13|72384.719|0.00077411265|0.040787674|0.70426256
A_des|2017-08-19|45939.309|0.0036133372|0.056033064|1.8419862
A_des|2017-08-25|83038.344|0.00067227706|0.07137382|-0.42875159
A_des|2017-08-31|88010.188|0.003838127|0.025850466|-1.1623067
A_des|2017-09-06|72524.227|0.00029488196|0.0092445174|1.5642415
A_des|2017-09-12|50453.289|0.005790337|0.033258855|-0.44610953
A_des|2017-09-18|48982.73|0.00087732082|0.051646154|1.0415672
A_des|2017-09-24|61349.367|0.00071296113|0.033690117|0.568501
A_des|2017-09-30|67848.203|0.00053804537|0.033147093|-2.2058948
A_des|2017-10-06|62565.488|0.00065049803|0.018658545|1.0297149
A_des|2017-10-12|55406.445|0.00032695752|0.033677138|-0.56971097
A_des|2017-10-18|54906.48|0.0048781312|0.03993519|0.70133889
A_des|2017-10-24|74836.008|0.00018714626|0.030821692|-2.9891021
A_des|2017-10-30|50177.273|0.00065633206|0.032691162|-0.14759142
A_des|2017-11-05|207796.59|0.0003412657|0.029625198|-1.244601
A_des|2017-11-11|56760.648|0.00027595469|0.026192751|-2.2528575
A_des|2017-11-17|58756.27|0.00049711979|0.013080229|-1.9826107
A_des|2017-11-23|52323.32|1.1255998e-05|0.020593684|2.5151945
A_des|2017-11-29|51533.477|0.0038259006|0.013201535|0.056747675
A_des|2017-12-05|48918.102|0.0055775312|0.064578623|1.8421233
A_des|2017-12-11|125990.1|0.0035685028|0.035126328|0.7984792
A_des|2017-12-17|50673.887|0.0050139977|0.026934261|0.80238134
A_des|2017-12-23|48260.184|0.0116612|0.075005844|-2.9920419
A_des|2017-12-29|45320.855|0.0049916171|0.038907714|-2.31299
A_des|2018-01-04|58878.312|0.0055439584|0.043542102|1.0476545
A_des|2018-01-10|78778.609|0.0036311843|0.036197014|-0.53270769
A_des|2018-01-16|72408.453|0.0031128081|0.051231466|0.22979623
A_des|2018-01-22|50002.242|0.00026381513|0.025077235|2.5587047
A_des|2018-01-28|80700.609|0.0014090802|0.049415588|2.3906841
A_des|2018-02-03|70828.359|0.0043076021|0.034248658|-0.041772604
A_des|2018-02-09|64216.23|0.0022715083|0.031834248|2.2914424
A_des|2018-02-15|51558.816|0.0010106494|0.013224104|-1.819522
A_des|2018-02-21|45864.742|5.2086154e-05|0.0065221032|-1.0895343
A_des|2018-02-27|67698.586|2.1371059e-05|0.012695849|-1.3775857
A_des|2018-03-05|82204.273|0.0021423502|0.048337195|1.6420774
A_des|2018-03-11|149919.67|0.00015053886|0.014146793|-1.7211628
A_des|2018-03-17|123337.83|0.0011227311|0.046073664|-2.1090789
A_des|2018-03-23|66511.492|0.0020494785|0.025977593|-2.6254118
A_des|2018-03-29|55480.414|0.0062897438|0.078707591|3.0081609
A_des|2018-04-04|118599.25|0.00052603637|0.010226588|-2.077081
A_des|2018-04-10|60787.344|0.0053528897|0.083016962|-1.1809323
A_des|2018-04-16|63227.383|2.3101022e-05|0.035592664|-2.1129959
A_des|2018-04-22|46216.633|0.012351795|0.058198523|-1.63343
A_des|2018-04-28|77734.188|0.0035707518|0.021312978|2.1811155
A_des|2018-05-04|63338.363|0.0029105279|0.011731317|-3.0961254
A_des|2018-05-10|93624.523|0.003720405|0.013808076|-2.1796511
A_des|2018-05-16|73508.5|0.00049845176|0.062815949|2.8531864
A_des|2018-05-22|125613.36|0.0036190026|0.080330938|2.5037458
A_des|2018-05-28|74047.078|0.00090599369|0.061141662|-0.70073903
A_des|2018-06-03|55184.461|1.0100925e-05|0.023505319|3.1171487
A_des|2018-06-09|66341.383|0.0006935196|0.053528957|-2.4181379
A_des|2018-06-15|54318.219|0.0019670154|0.026814297|1.4257929
A_des|2018-06-21|68989.875|4.7501417e-05|0.033261366|-3.0157049
A_des|2018-06-27|73203.398|0.0078439135|0.054055322|-2.712925
A_des|2018-07-03|70656.703|0.00037640773|0.034706824|-3.0943888
A_des|2018-07-09|67448.703|0.0018240031|0.0076048002|-1.912326
A_des|2018-07-15|71613.523|0.00067725789|0.020376274|-2.9674568
A_des|2018-07-21|83700.367|0.0020075392|0.009584574|3.1060553
A_des|2018-07-27|88113.812|4.5147453e-06|0.061865211|-2.6571537
A_des|2018-08-02|80474.375|0.0076513439|0.031308759|-1.8952459
A_des|2018-08-08|67138.914|1.3507241e-05|0.053762782|1.3157041
A_des|2018-08-14|73934.43|0.0032378929|0.022150522|0.47122008
A_des|2018-08-20|68380.5|0.00083581143|0.067255199|-1.8462025
A_des|2018-08-26|104125.58|0.002148133|0.054144323|-0.40122163
A_des|2018-09-01|91426.203|0.00079101266|0.053557076|-1.235171
A_des|2018-09-07|78224.938|0.0055744639|0.047663663|0.41984695
A_des|2018-09-13|57535.168|0.00077346154|0.029477349|2.7251914
