track|orbit|date|platform|group|pre|t_utc|nearest_lag_h|temperature_c|temperature_prev6h_c|dT_6h_c|precipitation_mm|rain_sum_24h_mm|rain_sum_72h_mm|rain_sum_7d_mm|wind_speed_ms|wind_gust_ms|wind_mean_6h_ms|relative_humidity_pct|shortwave_wm2|snow_depth_m|intensity|gamma2|phase_R|phase_R_null|coh_masked|coh_vs_master|shift_abs_px|is_master
A_asc|ASCENDING|2016-09-01|S1A|shift_small|True|2016-09-01T17:14:27|-0.24|27.5|29|-1.5|0|0|18.7|18.7|1.56|4|1.5117|64|168|0|48102|0.00029188|0.0097471|0.0125|0.013536|0.010938|0.34|False
A_asc|ASCENDING|2016-09-13|S1A|shift_small|True|2016-09-13T17:14:28|-0.24|24.6|28.2|-3.6|0.3|8|12.1|12.5|1.02|4.7|1.225|78|103|0|48004|0.0017364|0.03034|0.0125|0.025419|0.012733|0.66|False
A_asc|ASCENDING|2016-09-25|S1A|shift_small|True|2016-09-25T17:14:28|-0.24|22.8|23.5|-0.7|0|0|1.1|8.1|1.35|2.8|1.2383|62|71|0|46201|0.00051319|0.026475|0.0125|0.02478|0.006335|0.2|False
A_asc|ASCENDING|2016-10-07|S1A|shift_small|True|2016-10-07T17:14:28|-0.24|17.8|18.2|-0.4|0|0|3.4|15.4|2.02|3.8|1.3833|57|35|0|47057|0.0012064|0.025535|0.0125|0.015116|0.0064047|1|False
A_asc|ASCENDING|2016-10-13|S1B|shift_small|True|2016-10-13T17:13:44|-0.23|11.3|11.4|-0.1|0.4|6.6|9.6|11.4|4.8|10|4.8217|92|3|0|64107|9.5246e-05|0.0025435|0.0125|0.039154|0.015132|6.24|False
A_asc|ASCENDING|2016-10-19|S1A|shift_small|True|2016-10-19T17:14:28|-0.24|16.8|18.2|-1.4|0|0.1|0.1|72.4|1.03|2.5|1.6517|85|6|0|47326|0.00032309|0.014304|0.0125|0.017785|0.0096926|0.99|False
A_asc|ASCENDING|2016-10-25|S1B|shift_small|True|2016-10-25T17:13:44|-0.23|16.4|15.9|0.5|3.1|17.8|39.3|47.7|1.77|6.4|1.48|96|0|0|66205|0.0002579|0.010971|0.0125|0.035938|0.01249|5.45|False
A_asc|ASCENDING|2016-10-31|S1A|shift_small|True|2016-10-31T17:14:28|-0.24|15.2|17.2|-2|0|0|0|36.1|3.01|5.8|3.115|86|1|0|47836|7.4518e-05|0.0052344|0.0125|0.0019904|0.0036852|0.6|False
A_asc|ASCENDING|2016-11-06|S1B|shift_small|True|2016-11-06T17:13:44|-0.23|12.3|15|-2.7|0.4|17|55.4|56.5|2.4|7|5.52|91|0|0|54077|0.0001561|0.0092158|0.0125|0.058056|0.024783|5.04|False
A_asc|ASCENDING|2016-11-12|S1A|shift_small|True|2016-11-12T17:14:28|-0.24|11.8|13.3|-1.5|0|0|0|18.8|1.43|3.1|1.805|51|0|0|50161|0.00046944|0.012686|0.0125|0.020751|0.014091|0.7|False
A_asc|ASCENDING|2016-11-18|S1B|shift_small|True|2016-11-18T17:13:44|-0.23|13|13.1|-0.1|0.4|1.2|1.6|2.4|2.37|7.4|2.4267|95|0|0|49084|0.0003453|0.022106|0.0125|0.046259|0.014795|5.05|False
A_asc|ASCENDING|2016-11-24|S1A|shift_small|True|2016-11-24T17:14:28|-0.24|15.8|15.5|0.3|2.1|21.3|74.3|115.5|4.24|16.7|5.2133|91|0|0|80379|0.00034793|0.014142|0.0125|0.030521|0.017249|0.06|False
A_asc|ASCENDING|2016-11-30|S1B|shift_small|True|2016-11-30T17:13:44|-0.23|7.6|10.8|-3.2|0|0|0|51.9|2.26|4.3|1.5533|71|0|0|55052|1.8923e-05|0.0093693|0.0125|0.032677|0.014559|4.79|False
A_asc|ASCENDING|2016-12-06|S1A|shift_small|True|2016-12-06T17:14:27|-0.24|10.4|13.3|-2.9|0|0.2|0.2|0.2|2.52|5.3|2.8683|83|0|0|50824|0.00039593|0.011024|0.0125|0.036663|0.017922|0.82|False
A_asc|ASCENDING|2016-12-12|S1B|shift_small|True|2016-12-12T17:13:43|-0.23|9.6|12.8|-3.2|0|0|0|0.2|2.47|5.7|3|81|0|0|52416|0.0001135|0.016043|0.0125|0.042063|0.018574|4.96|False
A_asc|ASCENDING|2016-12-18|S1A|shift_small|True|2016-12-18T17:14:27|-0.24|7.2|10.3|-3.1|0|0|0|0|0.81|3.5|0.97833|86|0|0|47591|0.00018336|0.0071937|0.0125|0.040166|0.019752|0.15|False
A_asc|ASCENDING|2016-12-24|S1B|shift_small|True|2016-12-24T17:13:43|-0.23|10.6|13.2|-2.6|0|0|0|21|1.57|2.6|1.425|78|0|0|53336|0.00023649|0.0077994|0.0125|0.028075|0.010075|4.69|False
A_asc|ASCENDING|2016-12-30|S1A|shift_small|True|2016-12-30T17:14:27|-0.24|5.5|8.4|-2.9|0|0|0|0|3.34|7|3.2967|78|0|0|50535|0.00012675|0.0072703|0.0125|0.011382|0.0066507|0.59|False
A_asc|ASCENDING|2017-01-05|S1B|shift_small|True|2017-01-05T17:13:41|-0.23|5.9|8|-2.1|0|0|0|0.4|5.69|18.9|6.9417|23|0|0|54010|0.0001949|0.0071249|0.0125|0.028772|0.010275|4.8|False
A_asc|ASCENDING|2017-01-11|S1A|shift_small|True|2017-01-11T17:14:25|-0.24|1.1|2.7|-1.6|0|0|1.6|5.6|3.7|8.6|4.5767|80|0|0|51136|0.00018196|0.021303|0.0125|0.020722|0.0092416|0.24|False
A_asc|ASCENDING|2017-01-17|S1B|shift_small|True|2017-01-17T17:13:41|-0.23|4.8|3.2|1.6|0|0|0|4.5|9.14|24.9|9.3983|37|0|0|53694|0.00036183|0.005342|0.0125|0.044756|0.018249|4.87|False
A_asc|ASCENDING|2017-01-23|S1A|shift_small|True|2017-01-23T17:14:25|-0.24|5.2|7.2|-2|0|0.2|0.2|0.2|7.03|18.2|7.9267|60|3|0|49510|0.00033141|0.0053847|0.0125|0.027995|0.015455|0.42|False
A_asc|ASCENDING|2017-01-29|S1B|shift_small|True|2017-01-29T17:13:41|-0.23|9.4|10.8|-1.4|0|0|6.7|6.9|0.63|2.3|0.88333|93|6|0.01|56507|0.00020885|0.0064573|0.0125|0.04388|0.01957|4.98|False
A_asc|ASCENDING|2017-02-04|S1A|shift_small|True|2017-02-04T17:14:25|-0.24|7.1|9.3|-2.2|0|8.5|54.4|62.4|3.83|10.2|2.93|91|13|0|57198|0.00062965|0.029574|0.0125|0.018462|0.017483|0.46|False
A_asc|ASCENDING|2017-02-10|S1B|shift_small|True|2017-02-10T17:13:40|-0.23|3.9|3.8|0.1|0|3.4|6.9|41|7.22|17.5|7.2333|86|11|0.01|57108|0.00010501|0.0035485|0.0125|0.034462|0.021471|5.67|False
A_asc|ASCENDING|2017-02-16|S1A|shift_small|True|2017-02-16T17:14:24|-0.24|10|12.4|-2.4|0|0|0.5|5.4|1.22|5.6|1.9533|94|26|0|49080|0.00065405|0.026505|0.0125|0.037146|0.024417|0.09|False
A_asc|ASCENDING|2017-02-22|S1B|shift_small|True|2017-02-22T17:13:40|-0.23|10.6|11.5|-0.9|0|1.2|1.8|3.3|2.4|8|3.2783|83|25|0|63880|0.00019624|0.016733|0.0125|0.013908|0.0054537|4.12|False
A_asc|ASCENDING|2017-02-28|S1A|shift_small|True|2017-02-28T17:14:24|-0.24|11.9|12.3|-0.4|1.2|39.3|41.1|62.7|6.31|18|7.5817|93|8|0|55772|5.4689e-05|0.00083343|0.0125|0.019558|0.014118|1.64|False
A_asc|ASCENDING|2017-03-06|S1B|shift_small|True|2017-03-06T17:13:40|-0.23|11.3|13.1|-1.8|0.1|1.1|35.2|79.9|2.5|7.9|3.9183|93|44|0|50308|0.00061911|0.011453|0.0125|0.0082382|0.0090226|1.59|False
A_asc|ASCENDING|2017-03-12|S1A|shift_small|True|2017-03-12T17:14:24|-0.24|11|14.2|-3.2|0|0|0|1.1|0.92|4.6|1.73|80|84|0|51988|0.00012856|0.020046|0.0125|0.034409|0.0080992|1.01|False
A_asc|ASCENDING|2017-03-18|S1B|shift_small|True|2017-03-18T17:13:41|-0.23|12.6|14.4|-1.8|0|0.6|0.6|0.6|2.55|8.7|3.6467|91|57|0|50453|0.00037645|0.019692|0.0125|0.022206|0.015909|0.39|False
A_asc|ASCENDING|2017-03-24|S1A|shift_small|True|2017-03-24T17:14:25|-0.24|13.5|13.1|0.4|0|33.4|70.4|71.2|7.59|18.4|6.27|88|70|0|50808|4.5492e-05|0.0056173|0.0125|0.053449|0.020726|0.55|False
A_asc|ASCENDING|2017-03-30|S1B|shift_small|True|2017-03-30T17:13:41|-0.23|17.6|21|-3.4|0|0|0|40.7|0.73|3.8|1.3933|79|175|0|55480|0.00092489|0.014107|0.0125|0.038955|0.025457|0.07|False
A_asc|ASCENDING|2017-04-05|S1A|shift_small|True|2017-04-05T17:14:25|-0.24|13.9|14.6|-0.7|0|2.6|2.7|6.4|6.61|18.3|6.7533|78|149|0|52599|0.00098767|0.028577|0.0125|0.020418|0.020719|0.13|False
A_asc|ASCENDING|2017-04-11|S1B|shift_small|True|2017-04-11T17:13:41|-0.23|15.5|16.7|-1.2|0|0|0|2.6|0.91|3.6|2.1333|82|164|0|52920|0.00073178|0.0070409|0.0125|0.029656|0.008469|0.57|False
A_asc|ASCENDING|2017-04-17|S1A|shift_small|True|2017-04-17T17:14:26|-0.24|16.3|18.3|-2|0|0|1|2.7|0.64|4.1|2.0733|57|170|0|52662|3.8625e-05|0.011366|0.0125|0.021024|0.012714|0.32|False
A_asc|ASCENDING|2017-04-23|S1B|shift_small|True|2017-04-23T17:13:42|-0.23|14.5|15.4|-0.9|0|3.7|3.9|4.2|3.31|10.2|3.9617|84|150|0|54605|0.00083432|0.021571|0.0125|0.028511|0.024621|0.2|False
A_asc|ASCENDING|2017-04-29|S1A|shift_small|True|2017-04-29T17:14:26|-0.24|16.2|17.4|-1.2|0|0|24.7|53.6|1.89|4.9|1.7967|57|268|0|45589|0.00093297|0.019195|0.0125|0.022098|0.0028532|0.7|False
A_asc|ASCENDING|2017-05-05|S1B|shift_small|True|2017-05-05T17:13:43|-0.23|16.5|16.9|-0.4|0|2.6|18.2|43.8|1.2|4.4|1.7583|72|275|0|48636|4.4041e-06|0.016035|0.0125|0.01108|0.0036674|0.47|False
A_asc|ASCENDING|2017-05-11|S1A|shift_small|True|2017-05-11T17:14:27|-0.24|17.7|19|-1.3|0|0.2|0.5|26.9|2.82|9.2|2.3983|74|260|0|45243|0.0009482|0.0047309|0.0125|0.043195|0.015449|1.56|False
A_asc|ASCENDING|2017-05-17|S1B|shift_small|True|2017-05-17T17:13:43|-0.23|23.6|24.8|-1.2|0|0|0|23.6|0.7|3.7|1.62|52|295|0|49571|5.6309e-05|0.0032536|0.0125|0.016375|0.0026042|0.65|False
A_asc|ASCENDING|2017-05-23|S1A|shift_small|True|2017-05-23T17:14:22|-0.24|19.8|21.7|-1.9|0|0|0|26|1.3|5.7|1.8333|79|313|0|49249|0.0001144|0.010556|0.0125|0.010244|0.010129|1.22|False
A_asc|ASCENDING|2017-05-29|S1B|shift_small|True|2017-05-29T17:13:44|-0.23|23|25.1|-2.1|0|0|0|0|1.7|6|2.135|75|318|0|49849|0.00078669|0.012556|0.0125|0.022674|0.013509|0.22|False
A_asc|ASCENDING|2017-06-04|S1A|shift_small|True|2017-06-04T17:14:23|-0.24|21.1|22.6|-1.5|0|8|8|8.9|3.01|7.8|3.1317|80|268|0|50610|0.0010346|0.02459|0.0125|0.010087|0.0029282|0.75|False
A_asc|ASCENDING|2017-06-10|S1B|shift_small|True|2017-06-10T17:13:45|-0.23|22.8|23.9|-1.1|0|0|0|16.3|1.22|5.4|1.74|65|338|0|51682|0.0009192|0.026671|0.0125|0.019184|0.0097648|1.87|False
A_asc|ASCENDING|2017-06-16|S1A|shift_small|True|2017-06-16T17:14:23|-0.24|25.9|26.6|-0.7|0|0|5.7|5.7|1.14|5.3|1.6817|80|323|0|50585|0.00059014|0.0077581|0.0125|0.014434|0.0043169|1.21|False
A_asc|ASCENDING|2017-06-22|S1B|shift_small|True|2017-06-22T17:13:45|-0.23|23.4|25.4|-2|0|0|0|0.1|2.45|7|2.815|81|305|0|47898|5.4196e-05|0.0030515|0.0125|0.024741|0.014473|0.24|False
A_asc|ASCENDING|2017-06-28|S1A|shift_small|True|2017-06-28T17:14:24|-0.24|20.8|20.4|0.4|0.3|23.6|24.1|45.8|4.94|13.7|4.9917|98|158|0|51512|0.00050313|0.0091704|0.0125|0.015819|0.018936|1.99|False
A_asc|ASCENDING|2017-07-04|S1B|shift_small|True|2017-07-04T17:13:46|-0.23|23.7|26.2|-2.5|0|0|0.4|33.7|1.51|6.1|2.025|74|319|0|50905|0.00081073|0.018956|0.0125|0.034768|0.013305|2.11|False
A_asc|ASCENDING|2017-07-10|S1A|shift_small|True|2017-07-10T17:14:25|-0.24|23.4|24.2|-0.8|0.2|6.6|6.7|6.7|4.05|11.9|4.2467|83|258|0|49194|0.00086194|0.023263|0.0125|0.036304|0.014974|0.89|False
A_asc|ASCENDING|2017-07-16|S1B|shift_small|True|2017-07-16T17:13:47|-0.23|25|25.1|-0.1|0|0|0|19.2|1.7|7.1|2.325|65|341|0|50404|0.00019992|0.019912|0.0125|0.033272|0.01417|0.75|False
A_asc|ASCENDING|2017-07-22|S1A|shift_small|True|2017-07-22T17:14:25|-0.24|24.8|26|-1.2|0|1.2|3|3|1.93|5.4|2.31|82|255|0|50643|0.00027402|0.014697|0.0125|0.021369|0.010599|1.56|False
A_asc|ASCENDING|2017-07-28|S1B|shift_small|True|2017-07-28T17:13:47|-0.23|24.3|25.3|-1|0|0.3|1|15.4|4.17|12.2|4.7667|82|267|0|51880|0.0013526|0.028965|0.0125|0.015696|0.011884|0.4|False
A_asc|ASCENDING|2017-08-03|S1A|shift_small|True|2017-08-03T17:14:26|-0.24|27.1|28.8|-1.7|0|0|0|0.5|1.43|7.2|2.105|65|251|0|51315|0.0011918|0.023154|0.0125|0.0091404|0.0014443|2.03|False
A_asc|ASCENDING|2017-08-09|S1B|shift_small|True|2017-08-09T17:13:48|-0.23|24.9|27.4|-2.5|0|4.4|4.9|4.9|2.28|8.4|2.8433|78|283|0|47968|0.00025965|0.0085243|0.0125|0.028309|0.016636|0.86|False
A_asc|ASCENDING|2017-08-15|S1A|shift_small|True|2017-08-15T17:14:27|-0.24|26|28.2|-2.2|0|0|0|9.4|1.08|5|1.8383|49|269|0|46293|0.00029132|0.009853|0.0125|0.026268|0.011173|1.07|False
A_asc|ASCENDING|2017-08-21|S1B|shift_small|True|2017-08-21T17:13:48|-0.23|23.7|27.1|-3.4|0|0|2.2|2.2|1.24|7.1|2.305|68|239|0|45986|0.00097203|0.023639|0.0125|0.01897|0.0076229|1.02|False
A_asc|ASCENDING|2017-08-27|S1A|shift_small|True|2017-08-27T17:14:27|-0.24|25.3|27.7|-2.4|0|0|0|0|0.81|5.2|1.665|68|197|0|48306|0.00071071|0.020572|0.0125|0.024736|0.012641|2.06|False
A_asc|ASCENDING|2017-09-02|S1B|shift_small|True|2017-09-02T17:13:49|-0.23|21.2|19.8|1.4|0|0.3|22|22|2.8|9.5|5.225|50|127|0|51429|0.00034545|0.010525|0.0125|0.017156|0.015641|0.44|False
A_asc|ASCENDING|2017-09-08|S1A|shift_small|True|2017-09-08T17:14:28|-0.24|21.6|23.7|-2.1|0|0.2|1.1|2.5|2.33|7.2|2.34|79|149|0|49153|0.00023894|0.015715|0.0125|0.022518|0.012156|1.95|False
A_asc|ASCENDING|2017-09-14|S1B|shift_small|True|2017-09-14T17:13:50|-0.23|21|22.3|-1.3|1.5|7.3|8.9|75.4|2.1|10.7|5.8167|93|29|0|47938|9.7605e-05|0.016472|0.0125|0.0077568|0.0096501|0.78|False
A_asc|ASCENDING|2017-09-20|S1A|shift_small|True|2017-09-20T17:14:28|-0.24|18.1|21.7|-3.6|0|0|4.3|19.4|1.78|7.6|2.625|68|108|0|48733|1.6285e-05|0.0013648|0.0125|0.01576|0.011257|1.01|False
A_asc|ASCENDING|2017-09-26|S1B|shift_small|True|2017-09-26T17:13:50|-0.23|19.4|22|-2.6|0|0|0.5|1.5|1.41|4.2|1.9867|70|69|0|47045|0.00010347|0.02147|0.0125|0.018188|0.011842|0.65|False
A_asc|ASCENDING|2017-10-02|S1A|shift_small|True|2017-10-02T17:14:28|-0.24|20.1|20.8|-0.7|0|0|4.8|4.8|0.81|2.2|0.56|69|47|0|47656|0.00050017|0.010228|0.0125|0.029742|0.016576|0.8|False
A_asc|ASCENDING|2017-10-08|S1B|shift_small|True|2017-10-08T17:13:50|-0.23|16.7|19.6|-2.9|0|0.1|1.2|10.4|1.17|7|3.2333|84|25|0|48853|0.00080567|0.016367|0.0125|0.016945|0.012757|0.24|False
A_asc|ASCENDING|2017-10-14|S1A|shift_small|True|2017-10-14T17:14:29|-0.24|17.5|21.9|-4.4|0|0|0|0.2|0.6|1.4|1.4117|87|19|0|48369|0.000347|0.019931|0.0125|0.022781|0.008195|1.07|False
A_asc|ASCENDING|2017-10-20|S1B|shift_small|True|2017-10-20T17:13:50|-0.23|15.7|20.5|-4.8|0|0|0.1|0.1|0.81|2.1|1.5017|87|9|0|48540|0.00032557|0.014651|0.0125|0.015621|0.012653|0.23|False
A_asc|ASCENDING|2017-10-26|S1A|shift_small|True|2017-10-26T17:14:29|-0.24|13.4|20|-6.6|0|0|0|13.6|1.98|5.1|1.4017|81|3|0|47333|7.8275e-05|0.026235|0.0125|0.013845|0.0064672|1.29|False
A_asc|ASCENDING|2017-11-01|S1B|shift_small|True|2017-11-01T17:13:50|-0.23|15.2|17.7|-2.5|0|0|0|0.4|1.3|3.7|1.5917|79|1|0|47545|0.00036607|0.016457|0.0125|0.011874|0.0084349|1.2|False
A_asc|ASCENDING|2017-11-07|S1A|shift_small|True|2017-11-07T17:14:28|-0.24|10.9|10|0.9|0|14|129.8|134.5|2.73|8.1|2.3783|80|0|0|54287|5.5502e-05|0.0097113|0.0125|0.011376|0.006813|1.88|False
A_asc|ASCENDING|2017-11-13|S1B|shift_small|True|2017-11-13T17:13:50|-0.23|11.1|11.2|-0.1|0|3.7|9.5|32.3|8.13|23.8|8.2717|30|0|0|52717|0.00015503|0.0027572|0.0125|0.012399|0.00659|1.47|False
A_asc|ASCENDING|2017-11-19|S1A|shift_big|True|2017-11-19T17:14:20|-0.24|8.7|14.5|-5.8|0|0|0|3.7|0.9|3.3|1.285|93|0|0|1.4384e+05|0.00048256|0.028055|0.0125|0.19466|0.10562|150.13|False
A_asc|ASCENDING|2017-11-25|S1B|shift_small|True|2017-11-25T17:13:50|-0.23|9.5|15.3|-5.8|0.1|42.1|43.8|52.8|6.56|15.7|4.87|91|0|0|55646|0.00023042|0.0078968|0.0125|0.011841|0.0042624|1.51|False
A_asc|ASCENDING|2017-12-01|S1A|shift_big|True|2017-12-01T17:14:20|-0.24|2.4|8|-5.6|0|0.4|0.7|45.1|5.61|14.6|5.2867|82|0|0.01|1.6663e+05|4.0492e-05|0.0036304|0.0125|0.2089|0.10554|150.76|False
A_asc|ASCENDING|2017-12-07|S1B|shift_small|True|2017-12-07T17:13:49|-0.23|10.6|11.5|-0.9|0|0.1|2|4.9|2.85|7|3.01|90|0|0|53396|0.00031273|0.006052|0.0125|0.033606|0.01535|0.1|False
A_asc|ASCENDING|2017-12-13|S1A|shift_big|True|2017-12-13T17:14:19|-0.24|7.6|11.5|-3.9|0|0|102.9|117.2|1.55|4.9|1.11|84|0|0|1.1255e+05|0.00018911|0.0071056|0.0125|0.26111|0.13992|150.33|False
A_asc|ASCENDING|2017-12-19|S1B|shift_small|True|2017-12-19T17:13:49|-0.23|2.6|5.9|-3.3|0|0|0.3|0.3|3.86|9.7|4.2767|70|0|0|56051|6.5858e-05|0.014636|0.0125|0.0040176|0.0018572|4.31|False
A_asc|ASCENDING|2017-12-25|S1A|shift_big|True|2017-12-25T17:14:18|-0.24|10.5|10.7|-0.2|0.2|4.4|4.6|4.6|2.06|6|3.27|95|0|0|1.1186e+05|0.00024532|0.020403|0.0125|0.15594|0.081309|150|False
A_asc|ASCENDING|2017-12-31|S1B|shift_small|True|2017-12-31T17:13:48|-0.23|10|11.3|-1.3|0.3|1|1|64.6|1.08|4.5|2.245|98|0|0|59529|4.3903e-05|0.020486|0.0125|0.015714|0.011394|0.32|False
A_asc|ASCENDING|2018-01-06|S1A|shift_big|True|2018-01-06T17:14:18|-0.24|6.8|8.7|-1.9|0|12.9|13.2|24.6|6.1|13.4|5.0867|92|0|0|1.5169e+05|0.00019927|0.0050904|0.0125|0.16673|0.071506|150.34|False
A_asc|ASCENDING|2018-01-12|S1B|shift_small|True|2018-01-12T17:13:48|-0.23|7.6|8.7|-1.1|0|0.5|22|110.4|5.25|14.8|6.31|84|0|0|57106|0.00030286|0.011683|0.0125|0.02663|0.012033|0.19|False
A_asc|ASCENDING|2018-01-18|S1A|shift_big|True|2018-01-18T17:14:18|-0.24|8.2|10.3|-2.1|0|0|1.7|3|2.66|9.5|4.0217|78|1|0|1.0731e+05|0.00012126|0.011847|0.0125|0.21758|0.12789|150.17|False
A_asc|ASCENDING|2018-01-24|S1B|shift_small|True|2018-01-24T17:13:50|-0.23|6.9|10.7|-3.8|0|0|0|0.1|2.04|4.3|2.7083|84|3|0|49077|0.000186|0.021508|0.0125|0.026263|0.015086|1.02|False
A_asc|ASCENDING|2018-01-30|S1A|shift_big|True|2018-01-30T17:14:16|-0.24|8.9|11.2|-2.3|0|1.8|2.1|70.6|1.02|5.5|2.555|89|4|0|1.3039e+05|0.00043975|0.017092|0.0125|0.088961|0.052614|149.85|False
A_asc|ASCENDING|2018-02-05|S1B|shift_small|True|2018-02-05T17:13:50|-0.23|3.2|4.4|-1.2|1|25.1|32.3|42|6.24|15.2|5.8483|91|4|0.02|80640|0.00016841|0.010105|0.0125|0.0053709|0.0062159|0.66|False
A_asc|ASCENDING|2018-02-11|S1A|shift_big|True|2018-02-11T17:14:17|-0.24|8.7|9.9|-1.2|0|0|0.5|51.3|1.97|5.8|2.6867|72|16|0.02|1.1811e+05|3.5621e-05|0.015891|0.0125|0.19502|0.11316|150.44|False
A_asc|ASCENDING|2018-02-17|S1B|shift_small|True|2018-02-17T17:13:50|-0.23|5.6|7.5|-1.9|0.3|2.5|3.5|9.2|5.65|13.2|4.8717|94|7|0.01|74157|7.0299e-05|0.0056695|0.0125|0.020776|0.015351|0.28|False
A_asc|ASCENDING|2018-02-23|S1A|shift_big|True|2018-02-23T17:14:16|-0.24|4.1|7.4|-3.3|0.4|2.9|5.1|7.8|9.17|23.4|8.7817|84|14|0.04|95192|9.1213e-05|0.0054425|0.0125|0.1917|0.10606|150.66|False
A_asc|ASCENDING|2018-03-01|S1B|shift_small|True|2018-03-01T17:13:50|-0.23|-1.3|-1|-0.3|0.6|15.6|16|33|11.46|28.1|11.267|78|9|0.16|54306|0.00010902|0.0092892|0.0125|0.0056689|0.0060647|1.68|False
A_asc|ASCENDING|2018-03-07|S1A|shift_big|True|2018-03-07T17:14:17|-0.24|10.1|12.1|-2|0|0.2|7|58.4|1.63|4.9|1.56|76|70|0.06|1.1916e+05|0.00035754|0.0086569|0.0125|0.21429|0.13862|150.16|False
A_asc|ASCENDING|2018-03-13|S1B|shift_small|True|2018-03-13T17:13:47|-0.23|11.3|15.1|-3.8|0|0.4|102.5|128.6|0.61|5.2|1.4683|91|97|0|50934|1.6968e-05|0.019222|0.0125|0.013907|0.0094641|0.67|False
A_asc|ASCENDING|2018-03-19|S1A|shift_big|True|2018-03-19T17:14:17|-0.24|9.6|10.3|-0.7|0|5.2|25.6|85.8|3.32|9.8|3.99|61|126|0|1.1722e+05|0.00015869|0.017733|0.0125|0.20119|0.10424|150.18|False
A_asc|ASCENDING|2018-03-25|S1B|shift_small|True|2018-03-25T17:13:47|-0.23|11.9|13.1|-1.2|0|0|1.9|7.9|2.91|9.6|2.775|46|153|0|52637|0.00029402|0.012392|0.0125|0.0096488|0.0097144|0.32|False
A_asc|ASCENDING|2018-03-31|S1A|shift_big|True|2018-03-31T17:14:17|-0.24|10.4|10.4|0|0|41.8|55.5|57.2|1.97|5|2.7|90|124|0|1.7433e+05|0.00061537|0.013161|0.0125|0.19661|0.097309|150.35|False
A_asc|ASCENDING|2018-04-06|S1B|shift_small|True|2018-04-06T17:13:48|-0.23|16.3|16.4|-0.1|0|0|59.4|108.4|0.28|3.1|1.5117|79|195|0|50571|0.00024921|0.022506|0.0125|0.038832|0.024416|0.15|False
A_asc|ASCENDING|2018-04-12|S1A|shift_big|True|2018-04-12T17:14:18|-0.24|10.9|15.8|-4.9|3.8|23.5|60.3|67.7|4.06|16.9|3.8467|94|65|0|2.0147e+05|7.8025e-05|0.0087098|0.0125|0.077631|0.043196|149.92|False
A_asc|ASCENDING|2018-04-24|S1A|shift_big|True|2018-04-24T17:14:18|-0.24|16.7|18.8|-2.1|0|1.6|1.6|1.6|1.14|6.4|2.2983|81|221|0|1.0529e+05|6.1904e-05|0.012906|0.0125|0.48723|0.3075|150.61|False
A_asc|ASCENDING|2018-04-30|S1B|shift_small|True|2018-04-30T17:13:49|-0.23|15.7|16.6|-0.9|0|8.1|8.2|12.3|7.3|19.3|7.6117|74|181|0|48343|0.00020066|0.01955|0.0125|0.017217|0.0051077|0.18|False
A_asc|ASCENDING|2018-05-06|S1A|shift_big|True|2018-05-06T17:14:19|-0.24|22.3|23.6|-1.3|0|1.4|11.2|36.5|0.86|3.4|1.86|82|194|0|1.8229e+05|0.00066875|0.019031|0.0125|0.38433|0.21678|150.89|False
A_asc|ASCENDING|2018-05-12|S1B|shift_small|True|2018-05-12T17:13:49|-0.23|17.7|19.8|-2.1|0|0|5|22.5|2.44|6.8|2.6767|85|281|0|46725|0.00061623|0.015531|0.0125|0.02423|0.0075646|1.91|False
A_asc|ASCENDING|2018-05-18|S1A|shift_big|True|2018-05-18T17:14:20|-0.24|20.1|21.6|-1.5|0|1.6|3.1|44.9|1.2|4.2|1.145|80|262|0|1.2491e+05|0.00059236|0.016034|0.0125|0.6072|0.36965|150.77|False
A_asc|ASCENDING|2018-05-24|S1B|shift_small|True|2018-05-24T17:13:50|-0.23|19.6|21.4|-1.8|0|0|10.3|11.9|1.64|5.9|2.1567|88|249|0|46288|4.2443e-05|0.0051362|0.0125|0.015431|0.0077074|0.06|False
A_asc|ASCENDING|2018-05-30|S1A|shift_big|True|2018-05-30T17:14:20|-0.24|20.9|25|-4.1|1.9|9.3|15|19.5|1.02|7.2|1.6733|85|93|0|1.1891e+05|0.0011779|0.028575|0.0125|0.35027|0.17357|151.04|False
A_asc|ASCENDING|2018-06-05|S1B|shift_small|True|2018-06-05T17:13:51|-0.23|20.6|21.5|-0.9|0|0.3|6.7|26.6|2.44|7.3|2.715|83|298|0|46621|0.00046791|0.011302|0.0125|0.024736|0.014676|0.71|False
A_asc|ASCENDING|2018-06-11|S1A|shift_big|True|2018-06-11T17:14:21|-0.24|22.9|24.7|-1.8|0|0|5.1|18.9|1.3|6.5|2.2167|71|325|0|1.2312e+05|0.00082839|0.021628|0.0125|0.62362|0.39526|150.74|False
A_asc|ASCENDING|2018-06-17|S1B|shift_small|True|2018-06-17T17:13:51|-0.23|24.8|25.7|-0.9|0|0.2|1.6|23.2|1|4.1|1.3717|77|305|0|46541|0.00050309|0.0079299|0.0125|0.021019|0.020615|0.72|False
A_asc|ASCENDING|2018-06-23|S1A|shift_big|True|2018-06-23T17:14:22|-0.24|24.8|24.5|0.3|0|0|1.6|2|1.43|3.7|3.035|58|347|0|1.0446e+05|0.00083371|0.027078|0.0125|0.35142|0.17255|150.95|False
A_asc|ASCENDING|2018-07-05|S1A|shift_big|True|2018-07-05T17:14:22|-0.24|24.1|24.9|-0.8|0|7.2|7.2|7.2|2.16|6.3|1.8467|85|303|0|1.1206e+05|0.0006479|0.01038|0.0125|0.34483|0.21186|150.41|False
A_asc|ASCENDING|2018-07-11|S1B|shift_small|True|2018-07-11T17:13:53|-0.23|24.9|24.4|0.5|0|9.2|10.9|20.6|2.48|7.1|2.75|74|274|0|49450|6.112e-05|0.0075681|0.0125|0.0032323|0.0063799|0.47|False
A_asc|ASCENDING|2018-07-17|S1A|shift_big|True|2018-07-17T17:14:23|-0.24|26.8|29.5|-2.7|0|0|6.3|17.2|0.92|5.1|1.365|61|353|0|1.2524e+05|0.0002197|0.030472|0.0125|0.11741|0.049711|150.15|False
A_asc|ASCENDING|2018-07-23|S1B|shift_small|True|2018-07-23T17:13:54|-0.23|26.6|28.8|-2.2|0|1.8|9.3|10.5|1.25|5.8|1.9667|75|317|0|45494|0.00025061|0.016422|0.0125|0.027447|0.0081107|0.8|False
A_asc|ASCENDING|2018-07-29|S1A|shift_big|True|2018-07-29T17:14:24|-0.24|26.2|27.2|-1|0|0.4|3.5|5.3|1.3|5.4|1.7667|78|279|0|1.0699e+05|0.00036729|0.026658|0.0125|0.61366|0.371|150.58|False
A_asc|ASCENDING|2018-08-04|S1B|shift_small|True|2018-08-04T17:13:54|-0.23|31.8|32.5|-0.7|0|1.8|1.8|2.3|1.3|5.3|1.8583|58|223|0|48886|0.00050816|0.019182|0.0125|0.028219|0.0090292|0.82|False
A_asc|ASCENDING|2018-08-10|S1A|shift_big|True|2018-08-10T17:14:25|-0.24|26|26.6|-0.6|0|0.6|1|3.1|3.33|8.7|3.12|76|244|0|1.1496e+05|0.00013053|0.0055857|0.0125|||150.81|True
A_asc|ASCENDING|2018-08-16|S1B|shift_small|False|2018-08-16T17:13:55|-0.23|27.8|29.6|-1.8|0|0|14.2|25|1.14|4.8|1.9183|53|235|0|47309|0.00033717|0.013246|0.0125|0.02518|0.014716|0.38|False
A_asc|ASCENDING|2018-08-22|S1A|shift_big|False|2018-08-22T17:14:25|-0.24|30.3|30.4|-0.1|0|0.2|0.4|0.7|1.26|3.5|1.4917|49|224|0|1.1304e+05|0.00038313|0.0044871|0.0125|0.40333|0.17347|150.73|False
A_asc|ASCENDING|2018-08-28|S1B|shift_small|False|2018-08-28T17:13:56|-0.23|26.7|28.5|-1.8|0|0|0.5|8.2|0.6|3.6|1.695|46|221|0|47798|0.00069773|0.022427|0.0125|0.012281|0.0033706|0.56|False
A_asc|ASCENDING|2018-09-03|S1A|shift_big|False|2018-09-03T17:14:26|-0.24|21.4|23|-1.6|0|0.6|16.5|22.5|1.75|6.6|2.2283|76|144|0|1.2235e+05|6.9859e-05|0.0058552|0.0125|0.074438|0.035453|150.36|False
A_asc|ASCENDING|2018-09-09|S1B|shift_small|False|2018-09-09T17:13:56|-0.23|24.1|26.8|-2.7|0|0.1|4.2|5.8|0.89|3.4|1.6583|77|121|0|48235|0.00023619|0.015626|0.0125|0.0070214|0.0085248|0.29|False
A_des|DESCENDING|2016-08-24|S1A|shift_big|True|2016-08-24T05:35:24|0.41|20.7|20.5|0.2|0|0|0.7|8.8|3.22|5.7|2.785|69|90|0|18974|7.4494e-05|0.006486|0.0125|0.031736|0.023442|84.45|False
A_des|DESCENDING|2016-09-05|S1A|shift_big|True|2016-09-05T05:35:24|0.41|21.2|21.7|-0.5|0|0.1|3.4|22.1|1.24|4.1|1.2233|97|31|0|18391|0.00019587|0.012199|0.0125|0.037556|0.0093172|84.06|False
A_des|DESCENDING|2016-09-17|S1A|shift_big|True|2016-09-17T05:35:25|0.41|15.9|17.3|-1.4|0|7|26.1|39.5|1.8|4|1.53|97|25|0|18300|0.000176|0.011777|0.0125|0.011184|0.023729|84.73|False
A_des|DESCENDING|2016-09-29|S1A|shift_big|True|2016-09-29T05:35:25|0.41|16.9|18.2|-1.3|0|0|0.2|1.3|0.9|3.3|1.5567|83|17|0|19990|6.1009e-05|0.011167|0.0125|0.016048|0.014557|84.13|False
A_des|DESCENDING|2016-10-05|S1B|shift_big|True|2016-10-05T05:34:40|0.42|14.9|14.3|0.6|0|0.1|0.1|12|0.81|2.4|1.12|63|10|0|19546|4.9545e-05|0.01092|0.0125|0.032007|0.0021608|95.84|False
A_des|DESCENDING|2016-10-11|S1A|shift_big|True|2016-10-11T05:35:25|0.41|8.9|10.1|-1.2|0.2|0.7|2.5|6|2.04|6.1|1.845|88|4|0|17820|0.00011271|0.01403|0.0125|0.033307|0.018991|84.25|False
A_des|DESCENDING|2016-10-17|S1B|shift_big|True|2016-10-17T05:34:40|0.42|11.9|13.5|-1.6|0|0|39|75.3|1.84|3.8|1.855|93|2|0|20322|0.00017914|0.016878|0.0125|0.054852|0.01041|95.91|False
A_des|DESCENDING|2016-10-23|S1A|shift_big|True|2016-10-23T05:35:25|0.41|12|12|0|1.2|5|12.8|13|1.7|5.4|1.7317|94|0|0|23209|3.4523e-05|0.0045715|0.0125|0.029695|0.004157|85.03|False
A_des|DESCENDING|2016-10-29|S1B|shift_big|True|2016-10-29T05:34:40|0.42|10.5|11.5|-1|0|0|6.4|58|3.71|7|3.8117|82|0|0|19484|0.00041403|0.026046|0.0125|0.094894|0.012751|96.26|False
A_des|DESCENDING|2016-11-04|S1A|shift_big|True|2016-11-04T05:35:25|0.41|11.3|13.3|-2|0|0.1|1.1|1.1|2.31|6|2.5417|93|0|0|21304|1.2715e-06|0.0093707|0.0125|0.014605|0.0033783|84.26|False
A_des|DESCENDING|2016-11-16|S1A|shift_big|True|2016-11-16T05:35:25|0.41|3.8|4.7|-0.9|0|0|0.8|2.6|1.35|3.1|1.9933|84|0|0|20144|2.4582e-07|0.0036552|0.0125|0.024759|0.016425|84.51|False
A_des|DESCENDING|2016-11-22|S1B|shift_small|True|2016-11-22T05:34:45|0.42|12.4|12.9|-0.5|1.5|33|45.3|63|5.02|5.3|4.2217|99|0|0|32334|0.00055415|0.0037781|0.0125|0.0079004|0.012484|2.03|False
A_des|DESCENDING|2016-11-28|S1A|shift_big|True|2016-11-28T05:35:25|0.41|9.6|10.9|-1.3|0|0|0.5|116.5|3.21|6.1|2.22|89|0|0|19885|0.00011671|0.013164|0.0125|0.043043|0.018476|85|False
A_des|DESCENDING|2016-12-04|S1B|shift_big|True|2016-12-04T05:34:39|0.42|7.5|8.1|-0.6|0|0|0|0|3.61|7.3|3.855|91|0|0|20225|9.3925e-06|0.0068139|0.0125|0.093902|0.033284|95.97|False
A_des|DESCENDING|2016-12-10|S1A|shift_big|True|2016-12-10T05:35:24|0.41|8.7|7.3|1.4|0|0|0|0.2|1.43|3.8|1.48|93|0|0|21896|6.9079e-05|0.0071301|0.0125|0.029602|0.0072538|84.19|False
A_des|DESCENDING|2016-12-16|S1B|shift_small|True|2016-12-16T05:34:44|0.42|4.9|6.2|-1.3|0|0|0|0|4.2|7.5|3.8667|90|0|0|26702|0.00046965|0.012688|0.0125|0.015176|0.011404|2.86|False
A_des|DESCENDING|2016-12-22|S1A|shift_big|True|2016-12-22T05:35:24|0.41|5.4|6.3|-0.9|0|1.1|20.6|21|2.79|5|2.76|81|0|0.01|21082|7.4432e-05|0.00098593|0.0125|0.008444|0.0051834|84.95|False
A_des|DESCENDING|2016-12-28|S1B|shift_big|True|2016-12-28T05:34:35|0.42|4.5|7.3|-2.8|0|0|0|1.1|0.6|3.9|1.4067|73|0|0|25957|0.0010961|0.040409|0.0125|0.082553|0.012763|94.72|False
A_des|DESCENDING|2017-01-03|S1A|shift_big|True|2017-01-03T05:35:22|0.41|4.8|6.3|-1.5|0|0|0.4|0.4|7.91|21.1|7.035|69|0|0|20359|0.00010324|0.021529|0.0125|0.040023|0.020985|84.3|False
A_des|DESCENDING|2017-01-09|S1B|shift_big|True|2017-01-09T05:34:34|0.42|0.5|0.4|0.1|0|0|4|4|4.84|13.1|6.3767|68|0|0|24645|0.00019307|0.0035756|0.0125|0.050536|0.0086672|93.97|False
A_des|DESCENDING|2017-01-15|S1A|shift_big|True|2017-01-15T05:35:22|0.41|2|5.5|-3.5|0|0|4.2|6.1|7.06|17.2|7.2333|38|0|0|19100|8.5558e-05|0.0090736|0.0125|0.030074|0.0043343|84.05|False
A_des|DESCENDING|2017-01-27|S1A|shift_big|True|2017-01-27T05:35:22|0.41|0.3|1.6|-1.3|0|0|0|0.2|7.43|17.4|7.265|87|0|0|22993|0.00012792|0.018587|0.0125|0.0068657|0.0048519|84.15|False
A_des|DESCENDING|2017-02-08|S1A|shift_big|True|2017-02-08T05:35:22|0.41|6.3|7|-0.7|0.1|0.3|25.9|82.1|4.67|10.9|4.3983|90|0|0.01|20071|0.00011219|0.011237|0.0125|0.024634|0.0043072|84.92|False
A_des|DESCENDING|2017-02-20|S1A|shift_big|True|2017-02-20T05:35:21|0.41|6.8|6.8|0|0|0|1.3|2|3.41|7.8|2.0817|92|0|0|20968|8.9412e-05|0.016981|0.0125|0.029767|0.014032|83.99|False
A_des|DESCENDING|2017-03-04|S1A|shift_big|True|2017-03-04T05:35:21|0.41|10.5|8.8|1.7|1.5|6.5|8.8|50.7|5.02|14.2|3.585|89|0|0|21563|0.00021075|0.020234|0.0125|0.046917|0.007772|84.05|False
A_des|DESCENDING|2017-03-10|S1B|shift_small|True|2017-03-10T05:34:49|0.42|12.5|10.4|2.1|0|0|0|37.5|7.03|17.4|5.1067|62|1|0|25622|0.00016866|0.0043603|0.0125|0.035356|0.021701|2|False
A_des|DESCENDING|2017-03-16|S1A|shift_big|True|2017-03-16T05:35:22|0.41|7.5|9.2|-1.7|0|0|0|0|1.75|5.4|1.3067|77|5|0|19479|0.0002376|0.021841|0.0125|0.0091385|0.0078701|84.4|False
A_des|DESCENDING|2017-03-28|S1A|shift_big|True|2017-03-28T05:35:22|0.41|8.7|9.5|-0.8|0|0|7.3|77.7|3.89|8.8|3.9433|61|26|0|18870|0.00011727|0.017048|0.0125|0.043171|0.0093261|84.06|False
A_des|DESCENDING|2017-04-03|S1B|shift_small|True|2017-04-03T05:34:49|0.42|12.1|14.7|-2.6|0|0.8|3.7|3.7|5.94|14.4|6.6167|84|40|0|22940|0.00038171|0.014924|0.0125|0.035153|0.012762|0.65|False
A_des|DESCENDING|2017-04-09|S1A|shift_big|True|2017-04-09T05:35:22|0.41|13|11.1|1.9|0|0|0|3.5|0.41|2.6|0.695|78|64|0|18662|4.7275e-05|0.0064991|0.0125|0.003181|0.0034754|84.99|False
A_des|DESCENDING|2017-04-15|S1B|shift_small|True|2017-04-15T05:34:50|0.42|14.2|13.9|0.3|0|1.8|2.7|2.7|0.63|2.4|0.95167|87|49|0|22682|0.0004397|0.012424|0.0125|0.073905|0.025905|1.15|False
A_des|DESCENDING|2017-04-21|S1A|shift_big|True|2017-04-21T05:35:23|0.41|10.8|11.4|-0.6|0|0|0.3|2.1|2.1|4.1|1.9917|64|114|0|18040|0.00010852|0.0099099|0.0125|0.013546|0.0068654|84.16|False
A_des|DESCENDING|2017-04-27|S1B|shift_small|True|2017-04-27T05:34:50|0.42|13.9|13.7|0.2|0.1|21.1|36.5|40.6|3.36|8.7|2.705|96|113|0|26746|0.00035864|0.015237|0.0125|0.032527|0.0075862|0.97|False
A_des|DESCENDING|2017-05-03|S1A|shift_big|True|2017-05-03T05:35:24|0.41|11.3|11.6|-0.3|0|6.2|29.7|64|3.44|8.2|3.06|90|111|0|21065|0.00010148|0.010491|0.0125|0.0057506|0.010007|84.11|False
A_des|DESCENDING|2017-05-09|S1B|shift_big|True|2017-05-09T05:34:56|0.42|14.7|13.6|1.1|0|0.2|21.7|44.1|4.46|10.2|2.4883|80|168|0|19471|8.2397e-05|0.0011997|0.0125|0.1627|0.05726|58.18|False
A_des|DESCENDING|2017-05-15|S1A|shift_big|True|2017-05-15T05:35:24|0.41|18.3|14.3|4|0|0.1|15.4|24.1|2.73|8|1.8033|78|182|0|19413|3.9791e-05|0.0026073|0.0125|0.029581|0.027994|85.06|False
A_des|DESCENDING|2017-05-21|S1B|shift_big|True|2017-05-21T05:34:56|0.42|16.4|13.8|2.6|0|2.2|26|26.1|5.39|13.8|4.775|69|195|0|18062|0.00012154|0.0038635|0.0125|0.065737|0.017551|57.39|False
A_des|DESCENDING|2017-06-02|S1B|shift_big|True|2017-06-02T05:34:57|0.42|19.6|19.3|0.3|0|0.9|0.9|0.9|1.08|3.6|1.0567|82|202|0|18361|5.2025e-05|0.011564|0.0125|0.43721|0.19213|57.86|False
A_des|DESCENDING|2017-06-08|S1A|shift_small|True|2017-06-08T05:35:31|0.41|17.8|17.7|0.1|0|0|6.4|17.2|4.97|11.9|3.755|70|208|0|20785|5.3731e-05|0.0064104|0.0125|0.023384|0.0063688|0.12|False
A_des|DESCENDING|2017-06-14|S1B|shift_big|True|2017-06-14T05:34:58|0.42|22.3|21.4|0.9|0|0|0|0|1.56|4.8|1.0117|86|178|0|19913|0.00018554|0.01628|0.0125|0.055827|0.019446|57.22|False
A_des|DESCENDING|2017-06-20|S1A|shift_small|True|2017-06-20T05:35:32|0.41|23.1|21.9|1.2|0|0|0.1|5.8|0.36|1.7|0.39167|67|202|0|21686|9.8936e-05|0.0089426|0.0125|0.063725|0.041542|0.17|False
A_des|DESCENDING|2017-06-26|S1B|shift_big|True|2017-06-26T05:34:58|0.42|23.7|22.8|0.9|0|6.4|20.4|21.7|0.58|2.8|0.64333|85|161|0|18268|0.00014908|0.013818|0.0125|0.17098|0.063316|57.39|False
A_des|DESCENDING|2017-07-02|S1A|shift_small|True|2017-07-02T05:35:32|0.41|20.4|17.4|3|0|3.5|4.8|40.2|1.14|4.6|1.1917|80|199|0|20552|0.00030192|0.015545|0.0125|0.032363|0.014228|0.73|False
A_des|DESCENDING|2017-07-14|S1A|shift_small|True|2017-07-14T05:35:33|0.41|23.1|24.6|-1.5|0|0|7.9|19.3|5.48|13.2|2.2417|89|135|0|20713|3.1604e-05|0.0084992|0.0125|0.032483|0.02596|0.39|False
A_des|DESCENDING|2017-07-20|S1B|shift_big|True|2017-07-20T05:35:00|0.42|23.3|20.5|2.8|0|0|0|0|2.78|7.4|1.66|73|105|0|20187|0.00011742|0.016796|0.0125|0.41241|0.24333|58.07|False
A_des|DESCENDING|2017-07-26|S1A|shift_small|True|2017-07-26T05:35:34|0.41|21.9|21.4|0.5|0|1.9|13.5|16.9|4.34|11.2|4.1883|51|157|0|20762|0.0003348|0.015771|0.0125|0.044842|0.0074613|0.14|False
A_des|DESCENDING|2017-08-01|S1B|shift_big|True|2017-08-01T05:35:00|0.42|25.2|24.5|0.7|0|0|0.2|2.4|5.06|12|5.5117|80|141|0|19442|1.5932e-05|0.019949|0.0125|0.43571|0.20783|57.38|False
A_des|DESCENDING|2017-08-07|S1A|shift_small|True|2017-08-07T05:35:34|0.41|24|25|-1|0|0|0|0|4.62|11.7|4.2267|60|124|0|19937|0.00038102|0.012129|0.0125|0.10919|0.040874|0.93|False
A_des|DESCENDING|2017-08-13|S1B|shift_big|True|2017-08-13T05:35:01|0.42|22|19.8|2.2|0|0|5|9.9|2.14|5.3|1.3417|62|113|0|19318|0.00013999|0.014838|0.0125|0.45426|0.25784|57.31|False
A_des|DESCENDING|2017-08-19|S1A|shift_small|True|2017-08-19T05:35:35|0.41|23.4|22.1|1.3|0|0|0|0|2.11|5.8|1.44|88|86|0|19413|0.00021086|0.011702|0.0125|0.037958|0.013628|0.64|False
A_des|DESCENDING|2017-08-25|S1B|shift_big|True|2017-08-25T05:35:02|0.42|22.2|21.3|0.9|0|0|0|2.2|0.57|1.8|0.46333|80|76|0|19954|0.00048736|0.03223|0.0125|0.63847|0.34173|57.62|False
A_des|DESCENDING|2017-08-31|S1A|shift_small|True|2017-08-31T05:35:36|0.41|23.6|22.8|0.8|0.2|0.3|0.3|0.3|3.52|9.2|1.83|94|50|0|25910|0.00038896|0.013095|0.0125|0.038553|0.019369|0.22|False
A_des|DESCENDING|2017-09-06|S1B|shift_big|True|2017-09-06T05:35:02|0.42|19.7|18.5|1.2|0|0|1|23.1|1.08|2.9|1.455|83|42|0|18637|2.9436e-05|0.0031347|0.0125|0.47285|0.21845|57.36|False
A_des|DESCENDING|2017-09-12|S1A|shift_small|True|2017-09-12T05:35:36|0.41|19.2|17|2.2|0.3|0.6|60.9|68|0.32|4.2|0.47833|85|21|0|19779|0.00095357|0.017703|0.0125|0.03918|0.024559|0.76|False
A_des|DESCENDING|2017-09-18|S1B|shift_big|True|2017-09-18T05:35:03|0.42|14.5|14.9|-0.4|0|0|7.8|16.7|4.36|9.6|4.2367|90|32|0|16734|9.2315e-05|0.0068564|0.0125|0.073608|0.031886|58.12|False
A_des|DESCENDING|2017-09-24|S1A|shift_small|True|2017-09-24T05:35:36|0.41|17.4|17.5|-0.1|0|1|1|5.3|1.08|2.8|1.2117|92|12|0|20879|0.00014049|0.011777|0.0125|0.0093148|0.010302|0.28|False
A_des|DESCENDING|2017-09-30|S1B|shift_big|True|2017-09-30T05:35:03|0.42|15.5|16.6|-1.1|0|0|0|1.5|4.57|11.2|4.2917|83|14|0|18505|0.00011713|0.014732|0.0125|0.13667|0.052529|57.2|False
A_des|DESCENDING|2017-10-06|S1A|shift_small|True|2017-10-06T05:35:37|0.41|17|17.8|-0.8|0|5.6|10.3|15.1|0.58|1.5|1.2267|95|6|0|21083|8.5331e-05|0.0039391|0.0125|0.035382|0.012388|0.27|False
A_des|DESCENDING|2017-10-12|S1B|shift_big|True|2017-10-12T05:35:03|0.42|14.9|16.5|-1.6|0|0|0.1|5.8|1.17|3.1|1.16|94|3|0|17478|0.0001319|0.018821|0.0125|0.12445|0.10002|57.98|False
A_des|DESCENDING|2017-10-18|S1A|shift_small|True|2017-10-18T05:35:37|0.41|15.8|13.2|2.6|0|0|0|0|0.92|2.1|1.045|76|1|0|20874|0.00048295|0.015804|0.0125|0.046471|0.0071434|0.52|False
A_des|DESCENDING|2017-10-24|S1B|shift_big|True|2017-10-24T05:35:03|0.42|14|14.4|-0.4|0|0|10.3|13.7|6.75|17.5|5.7883|39|0|0|19532|1.4003e-05|0.0077683|0.0125|0.41137|0.15949|57.41|False
A_des|DESCENDING|2017-10-30|S1A|shift_small|True|2017-10-30T05:35:37|0.41|12.9|12.1|0.8|0|0|0.1|0.4|5.2|12.8|3.4267|80|0|0|20409|0.00028863|0.010929|0.0125|0.013793|0.02166|0.68|False
A_des|DESCENDING|2017-11-05|S1B|shift_big|True|2017-11-05T05:35:03|0.42|14.9|13.7|1.2|11.7|67.2|71|71.3|8.46|22.2|3.9117|94|0|0|43563|3.4996e-05|0.0053626|0.0125|0.23253|0.091718|57.69|False
A_des|DESCENDING|2017-11-11|S1A|shift_small|True|2017-11-11T05:35:36|0.41|7.3|8.1|-0.8|0|0|7.8|139.2|0.63|4.8|2.275|89|0|0|20792|0.00013213|0.0019873|0.0125|0.029684|0.027295|0.45|False
A_des|DESCENDING|2017-11-17|S1B|shift_big|True|2017-11-17T05:35:03|0.42|7.9|8.8|-0.9|0|0|0|9.5|6.91|17.2|6.9933|67|0|0|17893|2.3991e-05|0.0013517|0.0125|0.089288|0.040084|57.82|False
A_des|DESCENDING|2017-11-23|S1A|shift_small|True|2017-11-23T05:35:36|0.41|9.6|11.3|-1.7|0|7.9|9.9|9.9|2.1|5|2.3433|90|0|0|22007|6.2315e-05|0.012816|0.0125|0.08471|0.025171|0.6|False
A_des|DESCENDING|2017-11-29|S1B|shift_small|True|2017-11-29T05:34:58|0.42|2.2|3.5|-1.3|0|1.7|2.5|53.3|6.87|16.5|6.8717|76|0|0|23644|0.00069723|0.025478|0.0125|0.019649|0.011215|1.78|False
A_des|DESCENDING|2017-12-05|S1A|shift_small|True|2017-12-05T05:35:36|0.41|4.3|4.4|-0.1|0|0|1|4.7|0.82|3.7|0.74667|63|0|0.02|20110|0.00012609|0.0069074|0.0125|0.052869|0.023621|0.82|False
A_des|DESCENDING|2017-12-11|S1B|shift_small|True|2017-12-11T05:34:58|0.42|1.1|0.8|0.3|1.4|18.7|21.6|23.6|5.43|11.4|5.5433|82|0|0|42581|0.00050517|0.030683|0.0125|0.019082|0.0029817|1.08|False
A_des|DESCENDING|2017-12-17|S1A|shift_small|True|2017-12-17T05:35:35|0.41|4.6|4.9|-0.3|0|0|0|114.2|5.85|15.7|6.145|51|0|0|21235|0.00021626|0.0040833|0.0125|0.058548|0.02951|0.62|False
A_des|DESCENDING|2017-12-23|S1B|shift_small|True|2017-12-23T05:34:57|0.42|6.3|7.1|-0.8|0|0|0|0.3|3.64|9.8|3.46|54|0|0|21690|0.00014876|0.010192|0.0125|0.03342|0.028175|1.05|False
A_des|DESCENDING|2017-12-29|S1A|shift_small|True|2017-12-29T05:35:35|0.41|2|5.6|-3.6|0|0|57|63.8|5.08|15.6|6.6533|33|0|0|21527|0.00016872|0.020204|0.0125|0.022012|0.0030039|1.12|False
A_des|DESCENDING|2018-01-04|S1B|shift_small|True|2018-01-04T05:34:56|0.42|6.3|8.1|-1.8|0|0|4.4|11.4|1.88|7.3|2.0067|70|0|0|22587|0.00028145|0.0027647|0.0125|0.025787|0.0098723|1.16|False
A_des|DESCENDING|2018-01-10|S1A|shift_small|True|2018-01-10T05:35:35|0.41|9.1|10|-0.9|0.1|37.8|86.2|103.2|1.8|7.4|3.1|94|0|0|23313|0.00030956|0.0098564|0.0125|0.045075|0.036636|0.33|False
A_des|DESCENDING|2018-01-16|S1B|shift_small|True|2018-01-16T05:34:56|0.42|4.5|8.8|-4.3|0|2.5|2.5|47.8|3.73|10|3.2467|92|0|0|24737|0.00032537|0.014134|0.0125|0.04752|0.012203|0.82|False
A_des|DESCENDING|2018-01-22|S1A|shift_small|True|2018-01-22T05:35:34|0.41|5.2|9.3|-4.1|0|0|0.1|2.6|4.63|10.5|4.3767|74|0|0|21129|0.00010392|0.010136|0.0125|0.049639|0.0058162|0.41|False
A_des|DESCENDING|2018-01-28|S1B|shift_small|True|2018-01-28T05:34:56|0.42|5.8|7.5|-1.7|0|2.1|68.1|68.5|0.71|3.6|1.2417|87|0|0|25638|4.5119e-05|0.0067115|0.0125|0.011297|0.0081952|0.93|False
A_des|DESCENDING|2018-02-03|S1A|shift_small|True|2018-02-03T05:35:34|0.41|5.4|7.7|-2.3|0.2|1.8|9.1|13.9|6.22|18.3|6.87|77|0|0|25094|0.00037965|0.0060918|0.0125|0.036572|0.019264|1.16|False
A_des|DESCENDING|2018-02-09|S1B|shift_small|True|2018-02-09T05:34:55|0.42|4.5|5.1|-0.6|0|2|13.9|58.1|1.14|3.9|0.81167|87|0|0.05|22982|4.0384e-05|0.0064506|0.0125|0.025802|0.011256|0.97|False
A_des|DESCENDING|2018-02-15|S1A|shift_small|True|2018-02-15T05:35:34|0.41|2.3|1.1|1.2|0|0|5.7|8.1|1.58|5.6|2.3767|68|0|0.04|21144|8.1919e-05|0.0075471|0.0125|0.042632|0.028406|0.49|False
A_des|DESCENDING|2018-02-21|S1B|shift_small|True|2018-02-21T05:34:55|0.42|2.6|4.4|-1.8|0|0|0|3.7|6.36|16.6|5.515|84|0|0|21741|9.4391e-05|0.003872|0.0125|0.040254|0.006014|1.25|False
A_des|DESCENDING|2018-02-27|S1A|shift_small|True|2018-02-27T05:35:34|0.41|-3.3|-2|-1.3|0|0|5.5|19.2|3|8.8|2.7033|57|0|0.05|21423|0.00019484|0.0081562|0.0125|0.041495|0.020422|0.43|False
A_des|DESCENDING|2018-03-05|S1B|shift_small|True|2018-03-05T05:34:55|0.42|2.8|4.1|-1.3|0|3.7|31.6|54.6|7.2|16.8|6.8333|91|0|0.17|27766|0.0001588|0.020012|0.0125|0.049767|0.026197|0.76|False
A_des|DESCENDING|2018-03-11|S1A|shift_small|True|2018-03-11T05:35:34|0.41|9.5|10.7|-1.2|9.7|51.5|60.6|68.5|3.23|11|2.1317|90|0|0|38468|6.0361e-05|0.011843|0.0125|0.039314|0.014688|0.27|False
A_des|DESCENDING|2018-03-17|S1B|shift_small|True|2018-03-17T05:34:55|0.42|8.9|9.5|-0.6|1.6|8.7|68.5|187.8|1.84|5.8|2.57|90|1|0|40173|0.00017714|0.0082986|0.0125|0.054458|0.018891|1.12|False
A_des|DESCENDING|2018-03-23|S1A|shift_small|True|2018-03-23T05:35:34|0.41|5.5|6.1|-0.6|0|0|0.8|26.4|4.83|12.9|3.5167|63|14|0|21503|2.7148e-05|0.015379|0.0125|0.018731|0.012818|0.35|False
A_des|DESCENDING|2018-03-29|S1B|shift_small|True|2018-03-29T05:34:56|0.42|11.9|11.2|0.7|0.3|4.4|4.4|6.3|3.81|8.9|4.0817|98|14|0|23595|3.1164e-05|0.0045699|0.0125|0.041697|0.028466|1.69|False
A_des|DESCENDING|2018-04-04|S1A|shift_small|True|2018-04-04T05:35:34|0.41|9.7|11|-1.3|0.2|35.1|39.7|96.9|4.14|9.4|3.54|93|13|0|32781|2.5848e-05|0.010172|0.0125|0.02178|0.015507|0.23|False
A_des|DESCENDING|2018-04-10|S1B|shift_small|True|2018-04-10T05:34:56|0.42|11.5|11.5|0|0.9|8.3|12.7|74.7|4.43|13.8|3.625|99|21|0|25287|0.00017572|0.021148|0.0125|0.046272|0.015065|1.52|False
A_des|DESCENDING|2018-04-16|S1A|shift_small|True|2018-04-16T05:35:34|0.41|14.7|14|0.7|0|0.6|3.3|78.9|5.32|13.2|5.2217|77|68|0|23225|7.2693e-05|0.0085986|0.0125|0.045703|0.015358|1.13|False
A_des|DESCENDING|2018-04-22|S1B|shift_small|True|2018-04-22T05:34:56|0.42|18.6|17.2|1.4|0|0|0|0.6|0.89|2.5|1.0983|76|110|0|21766|0.00036458|0.0051067|0.0125|0.010896|0.0063212|1.54|False
A_des|DESCENDING|2018-04-28|S1A|shift_small|True|2018-04-28T05:35:35|0.41|16.5|15.9|0.6|0|0.6|2.5|4.1|5.73|13.7|5.8033|82|120|0|23674|8.6454e-05|0.0097477|0.0125|0.032489|0.018333|0.48|False
A_des|DESCENDING|2018-05-04|S1B|shift_small|True|2018-05-04T05:34:57|0.42|16|15.5|0.5|0.4|9.9|26.1|35.1|5.95|14.7|6.23|88|24|0|22626|2.6471e-05|0.0058853|0.0125|0.029926|0.016899|1.16|False
A_des|DESCENDING|2018-05-10|S1A|shift_small|True|2018-05-10T05:35:36|0.41|16.2|15.6|0.6|0|6.9|14.6|28.1|3.98|10|3.7717|91|103|0|24607|9.932e-05|0.01154|0.0125|0.018814|0.0060696|0.38|False
A_des|DESCENDING|2018-05-16|S1B|shift_big|True|2018-05-16T05:35:02|0.42|13.9|12.4|1.5|0|1.7|40.7|53.7|0.64|2.5|1.1817|83|152|0|19497|2.5077e-05|0.0055043|0.0125|0.095756|0.022888|57.25|False
A_des|DESCENDING|2018-05-22|S1A|shift_small|True|2018-05-22T05:35:36|0.41|16|16.2|-0.2|0.8|6.3|6.3|11.1|3.34|9.3|3.0267|91|44|0|33930|6.9216e-05|0.0090719|0.0125|0.014943|0.0074046|0.4|False
A_des|DESCENDING|2018-05-28|S1B|shift_big|True|2018-05-28T05:35:03|0.42|19.6|19.4|0.2|0|9.1|9.2|19.5|4.49|10.9|4.265|90|150|0|21380|0.00013265|0.021577|0.0125|0.54255|0.28091|58.02|False
A_des|DESCENDING|2018-06-03|S1A|shift_small|True|2018-06-03T05:35:37|0.41|20.4|18.9|1.5|0|0|3.2|30|0.4|1.8|0.59167|79|168|0|20934|0.00012107|0.010542|0.0125|0.082286|0.016657|0.66|False
A_des|DESCENDING|2018-06-09|S1B|shift_big|True|2018-06-09T05:35:04|0.42|20.3|16.9|3.4|0|0|10.1|20.2|2.44|6.1|1.6017|90|165|0|19747|3.138e-05|0.0099017|0.0125|0.38861|0.18564|57.74|False
A_des|DESCENDING|2018-06-15|S1A|shift_small|True|2018-06-15T05:35:38|0.41|21.4|18.7|2.7|0|0.2|21.1|26.7|1.6|6|1.635|77|177|0|21145|0.00013888|0.009722|0.0125|0.025729|0.0093762|0.69|False
A_des|DESCENDING|2018-06-21|S1B|shift_big|True|2018-06-21T05:35:04|0.42|24.8|21.9|2.9|0|0|0.2|2|1|4.2|1.3283|84|196|0|19555|7.9393e-07|0.009275|0.0125|0.62626|0.31894|57.72|False
A_des|DESCENDING|2018-06-27|S1A|shift_small|True|2018-06-27T05:35:38|0.41|22.2|18.7|3.5|0|0|0.7|2.3|0.36|2.6|0.58167|74|183|0|22463|8.3046e-05|0.0033204|0.0125|0.050074|0.024578|0.25|False
A_des|DESCENDING|2018-07-03|S1B|shift_big|True|2018-07-03T05:35:05|0.42|23.1|23|0.1|0|0|0|0.7|0.94|3.6|0.85|87|179|0|20075|1.4088e-05|0.0085678|0.0125|0.40855|0.19103|58.1|False
A_des|DESCENDING|2018-07-09|S1A|shift_small|True|2018-07-09T05:35:39|0.41|24.5|22|2.5|0|0.3|2.5|9.7|0.72|3.1|0.67833|77|147|0|21500|0.00012728|0.0074472|0.0125|0.082308|0.027362|0.49|False
A_des|DESCENDING|2018-07-15|S1B|shift_big|True|2018-07-15T05:35:06|0.41|23.5|22.1|1.4|0|0|1.5|12.9|3.63|10.5|4.5817|83|174|0|20288|5.1234e-06|0.007448|0.0125|0.38854|0.19978|57.83|False
A_des|DESCENDING|2018-07-21|S1A|shift_small|True|2018-07-21T05:35:40|0.41|22.7|22.4|0.3|0|3.7|3.7|10|1.86|5.5|2.0767|83|98|0|23473|2.296e-05|0.011693|0.0125|0.026605|0.0098825|0.53|False
A_des|DESCENDING|2018-07-27|S1B|shift_big|True|2018-07-27T05:35:07|0.41|24.4|24|0.4|0|0|0|10.5|2.7|6.3|1.0583|72|140|0|21558|7.4215e-05|0.019786|0.0125|0.38799|0.21578|57.35|False
A_des|DESCENDING|2018-08-02|S1A|shift_small|True|2018-08-02T05:35:40|0.41|27.5|24.7|2.8|0|0|0.1|3.6|3.77|9.8|4.0383|69|135|0|23345|0.0003067|0.0116|0.0125|0.027659|0.014886|0.5|False
A_des|DESCENDING|2018-08-08|S1B|shift_big|True|2018-08-08T05:35:07|0.41|25.3|23.2|2.1|0|0.1|0.3|2.1|1.3|3.3|0.91|85|112|0|19457|0.00018591|0.02111|0.0125|||57.74|True
A_des|DESCENDING|2018-08-14|S1A|shift_small|False|2018-08-14T05:35:41|0.41|19.8|21.4|-1.6|3|16.4|17.4|19.3|2.11|6.5|2.1033|97|38|0|22273|0.00072647|0.020015|0.0125|0.032019|0.016379|0.78|False
A_des|DESCENDING|2018-08-20|S1B|shift_big|False|2018-08-20T05:35:08|0.41|25.3|24.4|0.9|0|0|0.3|22.9|4.64|11.6|4.1733|67|94|0|19282|0.00017311|0.015677|0.0125|0.10876|0.10187|57.8|False
A_des|DESCENDING|2018-08-26|S1A|shift_small|False|2018-08-26T05:35:42|0.41|18.4|20.7|-2.3|0|2.9|8|8.4|9.44|27|10.207|44|90|0|27747|0.00020832|0.0094902|0.0125|0.014486|0.010801|1.42|False
A_des|DESCENDING|2018-09-01|S1B|shift_big|False|2018-09-01T05:35:09|0.41|17.9|18.9|-1|0|15.5|20.9|23.8|5.56|15.4|5.5383|92|46|0|21933|0.00015861|0.013022|0.0125|0.11985|0.045111|57.13|False
A_des|DESCENDING|2018-09-07|S1A|shift_small|False|2018-09-07T05:35:43|0.4|19.2|19.9|-0.7|0.8|1.4|2.4|19.5|2.69|6.8|2.1|91|45|0|22188|0.00039647|0.01692|0.0125|0.0081375|0.0056523|0.78|False
A_des|DESCENDING|2018-09-13|S1B|shift_big|False|2018-09-13T05:35:09|0.41|19.5|20.2|-0.7|0|0|0|4.2|2.24|5.5|1.225|87|37|0|18017|0.00015753|0.021105|0.0125|0.1687|0.053883|57.25|False
