site,series,rect_file,acquisition_date,orbit_direction,month,state,band_contrast,peak_row,peak_row_offset,n_masked,n_masked_house,n_components,largest_component,has_mask,centroid_row,centroid_col,band_peak_r,band_peak_c,A,D,F,S,P,P_frac_ge_50pct,P_frac_ge_30pct,gamma2_band_raw,gamma2_band_floor_corrected,n_band,gamma2_house_raw,gamma2_house_floor_corrected,n_house,mask_rows,mask_cols,bbox_area,row_span,col_span,mask_pixels
bautzen_openbridge,ASC Brücke,bautzen_rects_asc_iw2.txt,2025-04-02,ASC,2025-04,RS,4.511659729745139,39,-1,23,2,1,23,true,40.0,40.17391304347826,39,42,23,0.8518518518518519,1,2.081968677184851,0.6521739130434783,0.8260869565217391,0.9130434782608695,0.015089740699727986,-0.029678907450284377,23,0.5897131519808515,0.452950869307802,4,80,80,27,3,9,39:36;39:37;39:39;39:40;39:41;39:42;39:44;40:36;40:37;40:38;40:39;40:40;40:41;40:42;40:43;40:44;41:37;41:38;41:40;41:41;41:42;41:43;41:44
bautzen_openbridge,ASC Brücke,bautzen_rects_asc_iw2.txt,2025-04-08,ASC,2025-04,RS,3.580928009633838,39,-1,18,1,1,18,true,39.888888888888886,40.611111111111114,39,38,18,0.6666666666666666,1,2.758264797179204,0.7530864197530863,1.0,1.0,0.1190321666928618,0.06721052943950075,18,0.6085641188365148,0.4780854917820198,4,80,80,27,3,9,39:36;39:37;39:38;39:39;39:42;39:43;39:44;40:36;40:38;40:39;40:42;40:43;40:44;41:40;41:41;41:42;41:43;41:44
bautzen_openbridge,ASC Brücke,bautzen_rects_asc_iw2.txt,2025-04-14,ASC,2025-04,RS,0.987805850003985,37,-3,6,2,3,3,false,39.333333333333336,41.166666666666664,40,40,6,0.5,3,1.3437096247164217,0.7037037037037037,0.8333333333333334,1.0,0.05210852559582432,-0.1374697692850108,6,0.6517565342769863,0.5356753790359817,4,80,80,12,2,6,39:39;39:40;39:42;39:44;40:40;40:42
bautzen_openbridge,ASC Brücke,bautzen_rects_asc_iw2.txt,2025-04-20,ASC,2025-04,RS,3.8640874376914978,39,-1,19,4,1,19,true,39.78947368421053,40.10526315789474,39,44,19,0.7037037037037037,1,3.9739456170552963,0.7383040935672515,0.9473684210526315,1.0,0.04342973435646186,-0.009713058179290258,19,0.6650774190821179,0.49761612862317683,3,80,80,27,3,9,39:36;39:37;39:38;39:39;39:40;39:42;39:43;39:44;40:36;40:37;40:38;40:39;40:40;40:43;40:44;41:40;41:41;41:42;41:43
bautzen_openbridge,ASC Brücke,bautzen_rects_asc_iw2.txt,2025-04-26,ASC,2025-04,RS,1.247796218615114,41,1,13,9,3,8,false,40.30769230769231,39.61538461538461,41,37,13,0.5416666666666666,3,2.705462368472148,0.5747863247863247,0.6153846153846154,0.7692307692307693,0.24883609845582466,0.18623910666047672,13,0.5901988959742456,0.45359852796566075,4,80,80,24,3,8,39:36;39:37;39:41;40:40;40:41;40:43;41:36;41:37;41:38;41:40;41:41;41:42;41:43
bautzen_openbridge,ASC Brücke,bautzen_rects_asc_iw2.txt,2025-05-02,ASC,2025-05,RS,1.0392217995884518,38,-2,10,2,1,10,false,39.6,40.0,39,39,10,0.4166666666666667,1,1.1661903789690609,0.7805555555555556,0.9,1.0,0.031130651269963186,-0.0765214985889298,10,0.3110059930331108,0.17320719163973292,6,80,80,24,3,8,39:36;39:37;39:38;39:39;39:40;39:43;40:41;40:43;41:41;41:42
bautzen_openbridge,ASC Brücke,bautzen_rects_asc_iw2.txt,2025-05-08,ASC,2025-05,RS,8.039121694758002,40,0,23,5,1,23,true,39.869565217391305,39.91304347826087,40,38,23,0.8518518518518519,1,1.9174849627130366,0.6666666666666666,0.8260869565217391,0.9130434782608695,0.14499484158196313,0.10613097074477963,23,0.432124913496646,0.242833217995528,4,80,80,27,3,9,39:36;39:37;39:38;39:39;39:40;39:41;39:42;39:43;39:44;40:36;40:37;40:38;40:39;40:41;40:42;40:43;40:44;41:36;41:38;41:39;41:40;41:42;41:43
bautzen_openbridge,ASC Brücke,bautzen_rects_asc_iw2.txt,2025-05-14,ASC,2025-05,DS1,1.440766700042912,38,-2,13,2,1,13,false,39.69230769230769,40.61538461538461,39,39,13,0.48148148148148145,1,1.757486101353208,0.764957264957265,0.9230769230769231,1.0,0.024633930528347326,-0.056646575260957066,13,0.6704661882974928,0.5056992824462392,3,80,80,27,3,9,39:36;39:37;39:38;39:39;39:40;39:43;39:44;40:41;40:42;40:43;41:40;41:41;41:44
bautzen_openbridge,ASC Brücke,bautzen_rects_asc_iw2.txt,2025-05-20,ASC,2025-05,DS1,1.437097974007789,38,-2,12,3,2,7,false,39.5,40.25,39,38,12,0.4444444444444444,2,2.3048861143232218,0.7592592592592594,0.9166666666666666,1.0,0.12258059296546411,0.042815192325960864,12,0.6733057229837939,0.5099585844756909,3,80,80,27,3,9,39:36;39:37;39:38;39:39;39:41;39:42;39:43;40:39;40:41;40:42;40:44;41:41
bautzen_openbridge,ASC Brücke,bautzen_rects_asc_iw2.txt,2025-05-26,ASC,2025-05,DS1,0.8834884939346309,38,-2,11,3,2,7,false,39.54545454545455,40.45454545454545,39,39,11,0.4074074074074074,2,1.5534552264213686,0.7828282828282828,0.9090909090909091,1.0,0.014277223629128118,-0.08429505400795907,11,0.5459330899276007,0.4702552715822008,7,80,80,27,3,9,39:36;39:37;39:38;39:39;39:40;39:43;39:44;40:41;40:43;41:41;41:43
bautzen_openbridge,ASC Brücke,bautzen_rects_asc_iw2.txt,2025-06-01,ASC,2025-06,DS1,2.1916198262646915,39,-1,18,3,1,18,true,39.888888888888886,40.22222222222222,39,38,18,0.6666666666666666,1,2.3934065809486667,0.7546296296296295,1.0,1.0,0.23235922855403285,0.18720388905721125,18,0.41278143485532154,0.21704191314042873,4,80,80,27,3,9,39:36;39:37;39:38;39:39;39:42;39:43;39:44;40:36;40:37;40:38;40:39;40:42;40:43;41:40;41:41;41:42;41:43;41:44
bautzen_openbridge,ASC Brücke,bautzen_rects_asc_iw2.txt,2025-06-07,ASC,2025-06,DS1,2.3945298018700836,39,-1,18,3,2,10,true,39.72222222222222,40.388888888888886,39,39,18,0.6666666666666666,2,1.565444755956149,0.7422839506172839,0.9444444444444444,1.0,0.01563749443611001,-0.042266182361765874,18,0.549205561249817,0.39894074833308935,4,80,80,27,3,9,39:36;39:37;39:38;39:39;39:40;39:42;39:43;39:44;40:37;40:38;40:39;40:40;40:42;40:43;40:44;41:40;41:42;41:43
bautzen_openbridge,ASC Brücke,bautzen_rects_asc_iw2.txt,2025-06-13,ASC,2025-06,DS1,7.925474539469075,39,-1,24,2,1,24,true,39.916666666666664,40.083333333333336,39,42,24,0.8888888888888888,1,2.1245914639969907,0.6712962962962963,0.8333333333333334,0.9166666666666666,0.1466937423767785,0.10959347030620367,24,0.47114210400371004,0.33892763000463755,5,80,80,27,3,9,39:36;39:37;39:38;39:39;39:40;39:41;39:42;39:43;39:44;40:36;40:37;40:38;40:39;40:41;40:42;40:43;40:44;41:37;41:38;41:39;41:40;41:41;41:43;41:44
bautzen_openbridge,ASC Brücke,bautzen_rects_asc_iw2.txt,2025-06-19,ASC,2025-06,DS1,1.4279110302754727,38,-2,13,4,1,13,false,39.53846153846154,40.61538461538461,39,39,13,0.48148148148148145,1,1.702764893936818,0.7713675213675214,0.9230769230769231,1.0,0.035726650536046456,-0.044629461919283,13,0.6469557662803669,0.5292743550404891,4,80,80,27,3,9,39:36;39:37;39:38;39:39;39:40;39:42;39:43;39:44;40:41;40:42;40:43;41:41;41:42
bautzen_openbridge,ASC Brücke,bautzen_rects_asc_iw2.txt,2025-06-25,ASC,2025-06,DS1,2.0642461260038454,38,-2,19,3,1,19,true,39.78947368421053,39.68421052631579,39,37,19,0.7037037037037037,1,2.7979018652635803,0.6988304093567251,0.8421052631578947,0.9473684210526315,0.03415168245946476,-0.019506557403898308,19,0.5030524588461133,0.3374032784614844,4,80,80,27,3,9,39:36;39:37;39:38;39:39;39:41;39:42;39:43;39:44;40:36;40:37;40:38;40:39;40:40;40:43;40:44;41:37;41:39;41:40;41:41
bautzen_openbridge,ASC Brücke,bautzen_rects_asc_iw2.txt,2025-07-01,ASC,2025-07,DS1,3.8894758228362436,39,-1,20,5,1,20,true,39.8,40.0,39,38,20,0.7407407407407407,1,2.1540659228538006,0.6819444444444444,0.85,0.95,0.11217157277434821,0.06544376081510339,20,0.2234467587052278,0.12637760354338123,9,80,80,27,3,9,39:36;39:37;39:38;39:39;39:41;39:42;39:43;39:44;40:36;40:37;40:38;40:39;40:40;40:41;40:43;40:44;41:36;41:40;41:42;41:44
bautzen_openbridge,ASC Brücke,bautzen_rects_asc_iw2.txt,2025-07-07,ASC,2025-07,DS1,4.669459729864933,39,-1,18,4,1,18,true,39.72222222222222,39.611111111111114,39,43,18,0.6666666666666666,1,3.4649924732250357,0.683641975308642,0.8888888888888888,0.8888888888888888,0.11894036736041202,0.06711333014631862,18,0.06125364361743788,-0.03262099202081833,11,80,80,27,3,9,39:36;39:37;39:38;39:39;39:40;39:41;39:42;39:43;40:36;40:37;40:38;40:39;40:42;40:43;40:44;41:36;41:38;41:44
bautzen_openbridge,ASC Brücke,bautzen_rects_asc_iw2.txt,2025-07-13,ASC,2025-07,DS1,2.4731734298788153,39,-1,19,2,1,19,true,39.78947368421053,40.368421052631575,39,39,19,0.7037037037037037,1,1.579824317874064,0.7207602339181286,0.8947368421052632,1.0,0.05698722855342303,0.004597630139724313,19,0.6312230026600442,0.5390287533250552,5,80,80,27,3,9,39:36;39:37;39:38;39:39;39:40;39:42;39:43;39:44;40:36;40:37;40:39;40:40;40:41;40:43;40:44;41:40;41:41;41:43;41:44
bautzen_openbridge,ASC Brücke,bautzen_rects_asc_iw2.txt,2025-07-19,ASC,2025-07,DS1,6.048463516989305,39,-1,21,4,1,21,true,39.80952380952381,40.142857142857146,39,43,21,0.7777777777777778,1,2.969611776698829,0.6997354497354497,0.9047619047619048,0.9523809523809523,0.10976168415276606,0.06524976836040437,21,0.14176733612821016,-0.0298791966461478,6,80,80,27,3,9,39:36;39:37;39:38;39:39;39:40;39:41;39:42;39:43;39:44;40:36;40:37;40:38;40:39;40:42;40:43;40:44;41:38;41:39;41:40;41:43;41:44
bautzen_openbridge,ASC Brücke,bautzen_rects_asc_iw2.txt,2025-07-25,ASC,2025-07,DS1,5.929441363142547,39,-1,18,5,1,18,true,39.72222222222222,39.94444444444444,40,39,18,0.6666666666666666,1,0.9844469525927404,0.7422839506172839,0.9444444444444444,1.0,0.06425403985192799,0.00921015984321787,18,0.24356178527849004,0.20374924766156843,20,80,80,27,3,9,39:36;39:37;39:38;39:39;39:40;39:42;39:43;39:44;40:36;40:37;40:38;40:39;40:40;40:42;40:44;41:40;41:41;41:43
bautzen_openbridge,ASC Brücke,bautzen_rects_asc_iw2.txt,2025-07-31,ASC,2025-07,DS1,4.075424261470773,38,-2,21,4,1,21,true,39.904761904761905,40.04761904761905,39,38,21,0.7777777777777778,1,2.238601766389176,0.7023809523809523,0.9047619047619048,1.0,0.05063356198875569,0.0031652400881934774,21,0.20457616812582385,0.005720210157279804,5,80,80,27,3,9,39:36;39:37;39:38;39:39;39:40;39:41;39:42;39:43;40:36;40:37;40:38;40:39;40:40;40:42;40:44;41:39;41:40;41:41;41:42;41:43;41:44
bautzen_openbridge,ASC Brücke,bautzen_rects_asc_iw2.txt,2025-08-06,ASC,2025-08,DS1,6.314849044978435,39,-1,23,2,1,23,true,39.95652173913044,40.21739130434783,39,42,23,0.8518518518518519,1,2.023024369414233,0.6859903381642511,0.8695652173913043,0.9565217391304348,0.002940670957590055,-0.04238020763524676,23,0.057228384984842014,-0.04752401668350887,10,80,80,27,3,9,39:36;39:37;39:38;39:39;39:41;39:42;39:43;39:44;40:36;40:37;40:38;40:39;40:41;40:42;40:43;40:44;41:36;41:39;41:40;41:41;41:42;41:43;41:44
bautzen_openbridge,ASC Brücke,bautzen_rects_asc_iw2.txt,2025-08-12,ASC,2025-08,DS1,2.3108975839608252,38,-2,17,3,2,10,true,39.8235294117647,40.64705882352941,39,43,17,0.6296296296296297,2,2.4928964824020086,0.7483660130718954,1.0,1.0,0.1813637132119939,0.13019894528774353,17,0.10050104563182237,0.01055115019500461,11,80,80,27,3,9,39:36;39:37;39:38;39:39;39:41;39:43;39:44;40:37;40:38;40:39;40:42;40:43;40:44;41:41;41:42;41:43;41:44
bautzen_openbridge,ASC Brücke,bautzen_rects_asc_iw2.txt,2025-08-18,ASC,2025-08,DS1,3.4978912079593383,39,-1,19,7,1,19,true,39.8421052631579,40.10526315789474,39,44,19,0.7037037037037037,1,3.9847354169995133,0.7266081871345029,0.9473684210526315,1.0,0.07339880007347406,0.02192095563311151,19,0.2688434650859988,0.202374689184726,12,80,80,27,3,9,39:36;39:37;39:38;39:39;39:41;39:42;39:44;40:36;40:37;40:38;40:39;40:40;40:42;40:43;40:44;41:40;41:41;41:42;41:43
bautzen_openbridge,ASC Brücke,bautzen_rects_asc_iw2.txt,2025-08-24,ASC,2025-08,DS1,4.1904871060171915,39,-1,21,2,1,21,true,39.904761904761905,40.38095238095238,39,43,21,0.7777777777777778,1,2.7709212430430785,0.7235449735449736,0.9523809523809523,1.0,0.1196642441235334,0.07564745632971007,21,0.2269369076013034,0.11649932297291817,8,80,80,27,3,9,39:36;39:37;39:38;39:39;39:41;39:42;39:43;39:44;40:36;40:37;40:38;40:39;40:42;40:43;40:44;41:39;41:40;41:41;41:42;41:43;41:44
bautzen_openbridge,ASC Brücke,bautzen_rects_asc_iw2.txt,2025-08-30,ASC,2025-08,DS1,2.0775601606654104,38,-2,14,1,1,14,true,39.857142857142854,40.92857142857143,39,39,14,0.6666666666666666,1,2.1104695289563087,0.7103174603174603,0.8571428571428571,1.0,0.1349508229240642,0.06840857853360761,14,0.57294434286704,0.35941651430056,3,80,80,21,3,7,39:38;39:39;39:40;39:42;39:43;40:38;40:40;40:41;40:42;40:43;40:44;41:40;41:41;41:42
bautzen_openbridge,ASC Brücke,bautzen_rects_asc_iw2.txt,2025-09-05,ASC,2025-09,DS1,3.7422988117362173,39,-1,17,2,2,10,true,39.94117647058823,40.11764705882353,39,41,17,0.6296296296296297,2,1.290100717615369,0.6895424836601307,0.8823529411764706,1.0,0.009777106337605233,-0.05211182451629444,17,0.15455786523162093,0.0606198502573566,10,80,80,27,3,9,39:36;39:37;39:38;39:40;39:41;39:43;40:36;40:37;40:38;40:41;40:42;40:44;41:39;41:41;41:42;41:43;41:44
bautzen_openbridge,ASC Brücke,bautzen_rects_asc_iw2.txt,2025-09-11,ASC,2025-09,DS1,2.764542102490782,39,-1,20,6,1,20,true,39.8,40.3,39,44,20,0.7407407407407407,1,3.7854986461495423,0.736111111111111,0.95,1.0,0.11133302680628888,0.06456108084872515,20,0.3556483609352263,0.14086448124696838,4,80,80,27,3,9,39:36;39:37;39:38;39:39;39:40;39:42;39:43;39:44;40:36;40:37;40:38;40:39;40:40;40:42;40:43;40:44;41:40;41:41;41:43;41:44
bautzen_openbridge,ASC Brücke,bautzen_rects_asc_iw2.txt,2025-09-17,ASC,2025-09,DS1,5.19681376824234,39,-1,18,2,1,18,true,39.888888888888886,40.0,39,43,18,0.6666666666666666,1,3.1289172978508266,0.7345679012345678,0.9444444444444444,1.0,0.08429834120435671,0.030433537745789465,18,0.04127647033686871,-0.015119031408021366,18,80,80,27,3,9,39:36;39:37;39:38;39:39;39:41;39:43;39:44;40:36;40:37;40:38;40:39;40:42;40:43;41:39;41:40;41:41;41:43;41:44
bautzen_openbridge,ASC Brücke,bautzen_rects_asc_iw2.txt,2025-09-23,ASC,2025-09,DS1,1.060383777175358,38,-2,11,1,1,11,false,39.54545454545455,40.27272727272727,39,44,11,0.4074074074074074,1,3.7669726100183016,0.7727272727272727,0.9090909090909091,1.0,0.028093377731584202,-0.06909728449525739,11,0.003886141046686874,-0.04854090416138224,20,80,80,27,3,9,39:36;39:37;39:38;39:39;39:40;39:43;39:44;40:41;40:42;41:41;41:42
bautzen_openbridge,ASC Brücke,bautzen_rects_asc_iw2.txt,2025-09-29,ASC,2025-09,DS2,6.092442737621725,39,-1,21,2,1,21,true,39.857142857142854,39.714285714285715,39,43,21,0.7777777777777778,1,3.395675521144202,0.6838624338624338,0.8571428571428571,0.9047619047619048,0.1404141899211223,0.09743489941717842,21,0.07202836326660425,-0.11356596408007488,6,80,80,27,3,9,39:36;39:37;39:38;39:39;39:40;39:41;39:42;39:43;39:44;40:36;40:37;40:38;40:39;40:42;40:43;41:37;41:38;41:39;41:40;41:41;41:44
bautzen_openbridge,ASC Brücke,bautzen_rects_asc_iw2.txt,2025-10-05,ASC,2025-10,DS2,4.740440617877944,39,-1,20,3,1,20,true,39.95,40.1,39,43,20,0.7407407407407407,1,3.051638903933425,0.7152777777777778,0.9,1.0,0.14705948387275858,0.1021678777607985,20,0.4507845421893859,0.3821326099630591,9,80,80,27,3,9,39:36;39:37;39:38;39:39;39:41;39:43;39:44;40:36;40:37;40:38;40:39;40:40;40:42;40:43;41:39;41:40;41:41;41:42;41:43;41:44
bautzen_openbridge,ASC Brücke,bautzen_rects_asc_iw2.txt,2025-10-11,ASC,2025-10,DS2,6.806325236840231,40,0,22,2,1,22,true,40.0,39.86363636363637,39,41,22,0.8148148148148148,1,1.5137114368496987,0.6464646464646464,0.7727272727272727,0.9090909090909091,0.1463847739132734,0.10573642981390546,22,0.24358792573457969,0.11751924669034297,7,80,80,27,3,9,39:36;39:37;39:38;39:40;39:41;39:42;39:43;40:36;40:37;40:38;40:39;40:40;40:41;40:42;40:43;41:37;41:38;41:39;41:41;41:42;41:43;41:44
bautzen_openbridge,ASC Brücke,bautzen_rects_asc_iw2.txt,2025-10-17,ASC,2025-10,DS2,1.7862607338017171,38,-2,19,4,1,19,true,39.89473684210526,40.631578947368425,39,38,19,0.7037037037037037,1,2.7795254582128224,0.7207602339181286,0.8947368421052632,1.0,0.18541813563563822,0.1401635876153959,19,0.22120203704532637,0.026502546306657937,5,80,80,27,3,9,39:36;39:37;39:38;39:39;39:40;39:42;39:43;39:44;40:38;40:39;40:40;40:43;40:44;41:39;41:40;41:41;41:42;41:43;41:44
bautzen_openbridge,ASC Brücke,bautzen_rects_asc_iw2.txt,2025-10-23,ASC,2025-10,DS2,2.6011437285550896,40,0,15,2,2,8,true,40.0,39.93333333333333,40,43,15,0.5555555555555556,2,3.06666666666667,0.6333333333333332,0.8,0.8666666666666667,0.2881262625499353,0.2372781384463592,15,0.12695849892077699,0.02995388768975222,10,80,80,27,3,9,39:36;39:40;39:41;39:43;39:44;40:36;40:37;40:38;40:42;40:43;41:37;41:38;41:39;41:42;41:43
bautzen_openbridge,ASC Brücke,bautzen_rects_asc_iw2.txt,2025-10-29,ASC,2025-10,DS2,1.142132225014498,38,-2,10,2,2,7,false,39.6,39.8,39,43,10,0.37037037037037035,2,3.2557641192199442,0.7472222222222222,0.8,1.0,0.0856495497603456,-0.01594494471072711,10,0.636274652225707,0.4544119783385605,3,80,80,27,3,9,39:36;39:37;39:38;39:39;39:42;39:43;40:40;40:44;41:39;41:40
bautzen_openbridge,DESC Brücke,bautzen_rects_desc_iw3.txt,2025-04-06,DESC,2025-04,RS,0.7722207825861622,44,4,7,0,2,5,false,39.57142857142857,41.42857142857143,39,44,7,0.25925925925925924,2,2.634155559226537,0.37142857142857144,0.0,1.0,0.16504675788320772,0.02588788419707566,7,0.12296954180876377,-0.023202201223108936,7,80,80,27,3,9,39:36;39:37;39:43;39:44;40:43;40:44;41:43
bautzen_openbridge,DESC Brücke,bautzen_rects_desc_iw3.txt,2025-04-12,DESC,2025-04,RS,0.8888888888888891,39,-1,6,1,2,5,false,39.333333333333336,38.0,39,36,6,0.3333333333333333,2,2.0275875100994067,0.3857142857142857,0.0,1.0,0.08882857102778831,-0.09340571476665402,6,0.01768018663789426,-0.031435804030211026,21,80,80,18,2,9,39:36;39:37;39:38;39:44;40:36;40:37
bautzen_openbridge,DESC Brücke,bautzen_rects_desc_iw3.txt,2025-04-18,DESC,2025-04,RS,1.0042586140147116,42,2,8,0,3,4,false,40.0,39.0,41,36,8,0.38095238095238093,3,3.1622776601683795,0.3392857142857143,0.0,0.75,0.34476504887669357,0.25116005585907836,8,0.27229746555605805,-0.4554050688878839,2,80,80,21,3,7,39:41;39:42;40:36;40:37;40:38;40:42;41:36;41:40
bautzen_openbridge,DESC Brücke,bautzen_rects_desc_iw3.txt,2025-04-24,DESC,2025-04,RS,1.234280792420327,43,3,10,0,3,4,false,40.0,39.3,39,37,10,0.4166666666666667,3,2.5079872407968877,0.3657142857142857,0.0,0.8,0.010053115688560694,-0.09994098256826589,10,0.01626178178533396,-0.02017296703743145,28,80,80,24,3,8,39:36;39:37;39:39;40:36;40:39;40:41;40:43;41:39;41:41;41:42
bautzen_openbridge,DESC Brücke,bautzen_rects_desc_iw3.txt,2025-04-30,DESC,2025-04,RS,0.48492016558249545,37,-3,2,0,1,2,false,40.5,43.0,41,43,2,1.0,1,0.5,0.4,0.0,1.0,0.5277900960827789,0.05558019216555787,2,0.008156045240706181,-0.036927770884716264,23,80,80,2,2,1,40:43;41:43
bautzen_openbridge,DESC Brücke,bautzen_rects_desc_iw3.txt,2025-05-06,DESC,2025-05,RS,0.6269503546099292,36,-4,2,0,1,2,false,39.5,42.0,39,42,2,1.0,1,0.5,0.32857142857142857,0.0,0.5,0.2149200710479574,-0.5701598579040852,2,0.002597648552779267,-0.05281359319428855,19,80,80,2,2,1,39:42;40:42
bautzen_openbridge,DESC Brücke,bautzen_rects_desc_iw3.txt,2025-05-12,DESC,2025-05,RS,0.6196845677779995,37,-3,7,2,3,4,false,40.57142857142857,38.714285714285715,41,36,7,0.25925925925925924,3,2.7479120088101934,0.36734693877551017,0.0,1.0,0.11389525076870619,-0.033788874103176124,7,0.33902292953158614,-0.3219541409368277,2,80,80,27,3,9,39:36;40:36;41:36;41:37;41:39;41:43;41:44
bautzen_openbridge,DESC Brücke,bautzen_rects_desc_iw3.txt,2025-05-18,DESC,2025-05,DS1,0.7416736635880214,37,-3,9,2,1,9,false,39.55555555555556,38.111111111111114,39,36,9,0.6,1,2.182986967154281,0.36507936507936506,0.0,0.7777777777777778,0.15660281191698885,0.051178163406612465,9,0.018689083776880812,-0.0176557649721236,28,80,80,15,3,5,39:36;39:37;39:38;39:39;39:40;40:37;40:38;40:39;41:39
bautzen_openbridge,DESC Brücke,bautzen_rects_desc_iw3.txt,2025-05-24,DESC,2025-05,DS1,1.7416131334760883,36,-4,18,1,2,11,true,40.0,39.833333333333336,40,42,18,0.6666666666666666,2,2.1666666666666643,0.34920634920634924,0.0,0.8333333333333334,0.003503355673232674,-0.05511409399304775,18,0.22770522609539068,-0.5445895478092186,2,80,80,27,3,9,39:36;39:38;39:39;39:42;39:43;39:44;40:37;40:38;40:39;40:40;40:42;40:43;41:36;41:37;41:38;41:40;41:42;41:43
bautzen_openbridge,DESC Brücke,bautzen_rects_desc_iw3.txt,2025-05-30,DESC,2025-05,DS1,1.1628026790314268,39,-1,12,0,2,6,false,39.916666666666664,40.0,41,37,12,0.4444444444444444,2,3.1896098681674405,0.35714285714285715,0.0,0.9166666666666666,0.013813311546505115,-0.07584002376744897,12,0.006285101675963931,-0.03346349425699751,26,80,80,27,3,9,39:38;39:41;39:42;39:43;39:44;40:36;40:38;40:43;41:36;41:37;41:38;41:44
bautzen_openbridge,DESC Brücke,bautzen_rects_desc_iw3.txt,2025-06-05,DESC,2025-06,DS1,4.183303085299457,41,1,21,0,1,21,true,40.095238095238095,40.19047619047619,39,38,21,0.7777777777777778,1,2.449026832499769,0.3469387755102041,0.0,0.7619047619047619,0.007429888319940675,-0.042198617264062294,21,0.2730724637378669,-0.45385507252426616,2,80,80,27,3,9,39:36;39:38;39:39;39:41;39:42;39:44;40:37;40:38;40:39;40:40;40:41;40:42;40:43;41:37;41:38;41:39;41:40;41:41;41:42;41:43;41:44
bautzen_openbridge,DESC Brücke,bautzen_rects_desc_iw3.txt,2025-06-11,DESC,2025-06,DS1,0.6055999999999999,42,2,4,2,2,2,false,40.75,38.25,41,36,4,0.3333333333333333,2,2.2638462845343543,0.3642857142857143,0.0,1.0,0.3115467717336045,0.08206236231147268,4,0.019039616648317895,-0.08995598150186901,10,80,80,12,2,6,40:36;41:36;41:40;41:41
bautzen_openbridge,DESC Brücke,bautzen_rects_desc_iw3.txt,2025-06-17,DESC,2025-06,DS1,0.5918242830994508,44,4,5,2,1,5,false,40.2,40.6,41,41,5,0.4166666666666667,1,0.8944271909999127,0.3485714285714286,0.0,0.6,0.13235549383787537,-0.08455563270265579,5,0.1927918151035575,-0.614416369792885,2,80,80,12,3,4,39:39;40:40;40:41;41:41;41:42
bautzen_openbridge,DESC Brücke,bautzen_rects_desc_iw3.txt,2025-06-23,DESC,2025-06,DS1,1.4777808446039193,40,0,13,2,3,8,false,40.15384615384615,38.84615384615385,40,37,13,0.48148148148148145,3,1.852553012121892,0.35824175824175836,0.0,0.8461538461538461,0.0034351990183645303,-0.07961186773010509,13,0.017407683066413066,-0.029382427263757737,22,80,80,27,3,9,39:37;39:38;39:40;40:36;40:37;40:38;40:41;40:44;41:36;41:37;41:38;41:41;41:42
bautzen_openbridge,DESC Brücke,bautzen_rects_desc_iw3.txt,2025-06-29,DESC,2025-06,DS1,1.1483003361972355,39,-1,10,3,2,7,false,40.0,38.9,39,36,10,0.37037037037037035,2,3.067572330035592,0.3742857142857143,0.0,1.0,0.0926546744183995,-0.008161472868445005,10,0.31866416278596427,-0.36267167442807147,2,80,80,27,3,9,39:36;39:37;39:39;40:36;40:37;40:38;40:43;41:36;41:43;41:44
bautzen_openbridge,DESC Brücke,bautzen_rects_desc_iw3.txt,2025-07-05,DESC,2025-07,DS1,1.16221198156682,41,1,12,2,3,7,false,40.083333333333336,40.0,41,42,12,0.5,3,2.200063130407347,0.37142857142857144,0.0,0.9166666666666666,0.07342014524594166,-0.010814387004427273,12,0.5779856721449642,0.3669785082174464,3,80,80,24,3,8,39:38;39:39;39:40;39:42;39:43;40:43;41:36;41:37;41:39;41:40;41:41;41:42
bautzen_openbridge,DESC Brücke,bautzen_rects_desc_iw3.txt,2025-07-11,DESC,2025-07,DS1,0.6185066511311779,43,3,7,1,3,5,false,39.714285714285715,42.57142857142857,40,44,7,0.3888888888888889,3,1.456862718169369,0.3224489795918367,0.0,0.7142857142857143,0.02542495198125882,-0.13700422268853138,7,0.020110512643079784,-0.4698342310353803,3,80,80,18,3,6,39:41;39:43;39:44;40:39;40:43;40:44;41:44
bautzen_openbridge,DESC Brücke,bautzen_rects_desc_iw3.txt,2025-07-17,DESC,2025-07,DS1,1.305622775800712,43,3,8,0,5,3,false,39.875,39.375,39,38,8,0.2962962962962963,5,1.6298006013006623,0.3821428571428571,0.0,0.75,0.09983802381875907,-0.02875654420713249,8,0.018951317605873916,-0.10367976769339185,9,80,80,27,3,9,39:38;39:39;39:40;40:36;40:42;40:44;41:37;41:39
bautzen_openbridge,DESC Brücke,bautzen_rects_desc_iw3.txt,2025-07-23,DESC,2025-07,DS1,1.8586585827965134,43,3,14,0,1,14,true,39.92857142857143,40.785714285714285,39,40,14,0.7777777777777778,1,1.2163847404233152,0.3448979591836735,0.0,0.6428571428571429,0.08204294628461715,0.011430865229587703,14,0.2555570223148006,-0.4888859553703988,2,80,80,18,3,6,39:39;39:40;39:41;39:42;39:43;40:38;40:40;40:41;40:42;40:43;41:38;41:39;41:42;41:43
bautzen_openbridge,DESC Brücke,bautzen_rects_desc_iw3.txt,2025-07-29,DESC,2025-07,DS1,0.7176707276181962,42,2,9,1,4,5,false,40.0,39.55555555555556,41,39,9,0.375,4,1.1439589045541119,0.3523809523809524,0.0,0.8888888888888888,0.012651877214256842,-0.11076663813396105,9,0.036414677151621534,-0.011764588990797386,21,80,80,24,3,8,39:39;39:40;39:42;39:44;40:37;41:37;41:38;41:39;41:40
bautzen_openbridge,DESC Brücke,bautzen_rects_desc_iw3.txt,2025-08-04,DESC,2025-08,DS1,1.0227536568377056,37,-3,8,1,2,6,false,39.875,38.5,41,40,8,0.4444444444444444,2,1.875,0.3642857142857143,0.0,0.875,0.014172664654438508,-0.12665981182349886,8,0.3669720414823055,0.15596272197640734,4,80,80,18,3,6,39:36;39:37;39:39;39:40;40:38;41:37;41:40;41:41
bautzen_openbridge,DESC Brücke,bautzen_rects_desc_iw3.txt,2025-08-10,DESC,2025-08,DS1,0.8111803740197064,43,3,8,1,4,3,false,40.125,40.0,39,39,8,0.2962962962962963,4,1.505199322349037,0.37142857142857144,0.0,0.875,0.0479565570013047,-0.08804964914136605,8,0.03987028452166649,-0.0018744857165219294,24,80,80,27,3,9,39:38;39:39;39:40;40:44;41:36;41:39;41:40;41:44
bautzen_openbridge,DESC Brücke,bautzen_rects_desc_iw3.txt,2025-08-16,DESC,2025-08,DS1,0.5422360248447204,43,3,8,4,3,5,false,39.75,41.5,39,43,8,0.2962962962962963,3,1.6770509831248424,0.3642857142857143,0.0,0.875,0.137100445384975,0.013829080439971442,8,0.2372252673981773,-0.5255494652036454,2,80,80,27,3,9,39:37;39:41;39:43;39:44;40:36;40:44;41:43;41:44
bautzen_openbridge,DESC Brücke,bautzen_rects_desc_iw3.txt,2025-08-22,DESC,2025-08,DS1,1.2934071464519377,43,3,13,2,1,13,false,39.61538461538461,40.84615384615385,41,44,13,0.48148148148148145,1,3.4444020272674023,0.3604395604395604,0.0,0.6923076923076923,0.08815080371616786,0.012163370692515182,13,0.05179865786420791,-0.08365867672661953,8,80,80,27,3,9,39:37;39:38;39:39;39:40;39:41;39:43;39:44;40:36;40:40;40:42;40:44;41:43;41:44
bautzen_openbridge,DESC Brücke,bautzen_rects_desc_iw3.txt,2025-08-28,DESC,2025-08,DS1,0.7527853056308342,43,3,7,1,4,3,false,40.142857142857146,39.714285714285715,39,36,7,0.25925925925925924,4,3.8861344310672714,0.34693877551020397,0.0,0.8571428571428571,0.12320488721804511,-0.022927631578947377,7,0.2122898582392944,-0.5754202835214113,2,80,80,27,3,9,39:36;39:42;40:36;40:41;41:38;41:41;41:44
bautzen_openbridge,DESC Brücke,bautzen_rects_desc_iw3.txt,2025-09-03,DESC,2025-09,DS1,1.3340040241448687,43,3,13,2,2,10,false,39.84615384615385,41.07692307692308,39,44,13,0.48148148148148145,2,3.0430831453619174,0.34725274725274724,0.0,0.7692307692307693,0.024093373429430628,-0.05723217878478348,13,0.037023824960038074,-0.01647485143107092,19,80,80,27,3,9,39:36;39:37;39:41;39:43;39:44;40:36;40:41;40:42;40:43;40:44;41:41;41:42;41:44
bautzen_openbridge,DESC Brücke,bautzen_rects_desc_iw3.txt,2025-09-09,DESC,2025-09,DS1,1.5334608030592738,42,2,14,0,2,10,true,40.142857142857146,39.92857142857143,41,39,14,0.5833333333333334,2,1.2637004294967231,0.34693877551020413,0.0,0.7857142857142857,0.03961060089912411,-0.034265506724020185,14,0.21941606395555976,-0.5611678720888804,2,80,80,24,3,8,39:37;39:39;39:41;39:43;40:37;40:39;40:40;40:44;41:37;41:38;41:39;41:40;41:42;41:43
bautzen_openbridge,DESC Brücke,bautzen_rects_desc_iw3.txt,2025-09-15,DESC,2025-09,DS1,1.0737112892055007,38,-2,11,1,4,5,false,39.72727272727273,39.36363636363637,41,36,11,0.4074074074074074,4,3.596370989973182,0.35324675324675325,0.0,0.7272727272727273,0.017628391410569624,-0.0806087694483734,11,0.1841795547165102,0.14124163654369495,20,80,80,27,3,9,39:37;39:38;39:40;39:41;39:42;40:36;40:37;40:40;40:44;41:36;41:42
bautzen_openbridge,DESC Brücke,bautzen_rects_desc_iw3.txt,2025-09-21,DESC,2025-09,DS1,0.9823636063952529,44,4,6,0,3,4,false,40.166666666666664,40.833333333333336,41,43,6,0.3333333333333333,3,2.321398046197352,0.3761904761904762,0.0,0.8333333333333334,0.05217076558862085,-0.137395081293655,6,0.24363227071002783,-0.5127354585799444,2,80,80,18,3,6,39:38;39:42;40:42;41:38;41:42;41:43
bautzen_openbridge,DESC Brücke,bautzen_rects_desc_iw3.txt,2025-09-27,DESC,2025-09,DS1,1.2689164249934086,43,3,9,1,2,8,false,40.0,40.0,41,40,9,0.375,2,1.0,0.34285714285714286,0.0,0.7777777777777778,0.02053248886108166,-0.10190095003128313,9,0.004160499513219169,-0.06697089337869375,15,80,80,24,3,8,39:36;39:42;39:43;40:38;40:40;40:41;41:39;41:40;41:41
bautzen_openbridge,DESC Brücke,bautzen_rects_desc_iw3.txt,2025-10-03,DESC,2025-10,DS2,0.8252005787189266,44,4,10,1,4,4,false,40.3,40.8,41,41,10,0.37037037037037035,4,0.7280109889280554,0.3771428571428571,0.0,0.9,0.01073362875430822,-0.09918485693965753,10,0.3240664490923004,-0.35186710181539915,2,80,80,27,3,9,39:38;40:36;40:38;40:41;40:43;40:44;41:40;41:41;41:43;41:44
bautzen_openbridge,DESC Brücke,bautzen_rects_desc_iw3.txt,2025-10-09,DESC,2025-10,DS2,1.031010413090743,44,4,12,3,2,7,false,39.916666666666664,41.083333333333336,39,39,12,0.5714285714285714,2,2.2760833806246117,0.3666666666666667,0.0,0.8333333333333334,0.006328724248276464,-0.08400502809278931,12,0.21281921331117115,-0.5743615733776577,2,80,80,21,3,7,39:38;39:39;39:43;39:44;40:38;40:39;40:41;40:43;40:44;41:40;41:41;41:43
bautzen_openbridge,DESC Brücke,bautzen_rects_desc_iw3.txt,2025-10-15,DESC,2025-10,DS2,0.9262545051289162,44,4,10,0,4,5,false,40.2,40.2,39,38,10,0.37037037037037035,4,2.5059928172283374,0.38285714285714284,0.0,0.9,0.05494175266300942,-0.050064719263322864,10,0.2910066766550876,-0.41798664668982477,2,80,80,27,3,9,39:38;39:39;39:42;40:42;40:44;41:36;41:37;41:39;41:42;41:43
bautzen_openbridge,DESC Brücke,bautzen_rects_desc_iw3.txt,2025-10-21,DESC,2025-10,DS2,0.7814587229495057,42,2,7,2,2,5,false,40.285714285714285,39.42857142857143,39,37,7,0.3333333333333333,2,2.7479120088101934,0.37551020408163266,0.0,0.8571428571428571,0.5585798912866583,0.48500987316776806,7,0.02002834027886331,-0.08885739969015188,10,80,80,21,3,7,39:37;39:38;40:39;41:38;41:39;41:42;41:43
bautzen_openbridge,DESC Brücke,bautzen_rects_desc_iw3.txt,2025-10-27,DESC,2025-10,DS2,1.1741190405685518,40,0,10,1,2,9,false,40.1,38.9,40,38,10,0.4166666666666667,2,0.9055385138137404,0.36,0.0,0.9,0.027284429280397024,-0.08079507857733664,10,0.08600077908196424,0.020715120444961693,15,80,80,24,3,8,39:37;39:38;39:44;40:37;40:38;40:40;41:37;41:38;41:39;41:41
bautzen_openbridge,ASC Kontrolle 500 m östlich,bautzen_rects_asc_ctrl_500m_east.txt,2025-04-02,ASC,2025-04,RS,0.24945025947752655,44,4,2,2,1,2,false,39.0,37.5,39,37,2,1.0,1,0.5,0.08333333333333333,0.0,0.0,0.8833318735219409,0.7666637470438817,2,0.16724252011822538,0.11172535479277373,16,80,80,2,1,2,39:37;39:38
bautzen_openbridge,ASC Kontrolle 500 m östlich,bautzen_rects_asc_ctrl_500m_east.txt,2025-04-08,ASC,2025-04,RS,0.5966343702192757,42,2,5,2,1,5,false,40.8,41.0,41,39,5,0.5,1,2.0099751242241783,0.22222222222222224,0.0,0.0,0.6655488680930377,0.5819360851162971,5,0.20914062139778933,0.14830528458223466,14,80,80,10,2,5,40:43;41:39;41:40;41:41;41:42
bautzen_openbridge,ASC Kontrolle 500 m östlich,bautzen_rects_asc_ctrl_500m_east.txt,2025-04-14,ASC,2025-04,RS,0.8935380044565486,42,2,13,2,1,13,false,40.61538461538461,39.38461538461539,41,38,13,0.8125,1,1.4370416686361107,0.12820512820512822,0.0,0.0,0.22666975897179414,0.16222557221944367,13,0.5829989490386979,0.5509219451185976,14,80,80,16,2,8,40:36;40:38;40:39;40:41;40:42;41:36;41:37;41:38;41:39;41:40;41:41;41:42;41:43
bautzen_openbridge,ASC Kontrolle 500 m östlich,bautzen_rects_asc_ctrl_500m_east.txt,2025-04-20,ASC,2025-04,RS,0.4353974397142006,44,4,3,1,1,3,false,39.666666666666664,43.666666666666664,40,43,3,0.75,1,0.7453559924999288,0.19444444444444442,0.0,0.0,0.7286154677345029,0.5929232016017543,3,0.3417744293656112,0.24774220498926994,8,80,80,4,2,2,39:44;40:43;40:44
bautzen_openbridge,ASC Kontrolle 500 m östlich,bautzen_rects_asc_ctrl_500m_east.txt,2025-04-26,ASC,2025-04,RS,1.160590996962165,36,-4,9,5,2,7,false,39.666666666666664,38.666666666666664,39,36,9,0.3333333333333333,2,2.748737083745104,0.09259259259259259,0.0,0.0,0.02606516956981172,-0.0956766842339618,9,0.3744271012276053,0.33762869541746443,18,80,80,27,3,9,39:36;39:37;39:38;39:39;40:36;40:37;40:38;40:44;41:43
bautzen_openbridge,ASC Kontrolle 500 m östlich,bautzen_rects_asc_ctrl_500m_east.txt,2025-05-02,ASC,2025-05,RS,0.3561129833582322,43,3,0,0,0,0,false,,,41,41,0,,0,,,,,,,0,0.4179357808169984,0.3597293588986982,11,80,80,0,0,0,
bautzen_openbridge,ASC Kontrolle 500 m östlich,bautzen_rects_asc_ctrl_500m_east.txt,2025-05-08,ASC,2025-05,RS,0.6606470053267508,43,3,6,0,3,3,false,40.0,41.333333333333336,39,43,6,0.3333333333333333,3,1.943650631615098,0.16203703703703706,0.0,0.0,0.017044438350284373,-0.17954667397965876,6,0.44152386435103314,0.3907533065647634,12,80,80,18,3,6,39:40;39:43;40:40;40:44;41:39;41:42
bautzen_openbridge,ASC Kontrolle 500 m östlich,bautzen_rects_asc_ctrl_500m_east.txt,2025-05-14,ASC,2025-05,DS1,0.30166720217057585,43,3,3,3,2,2,false,40.333333333333336,42.333333333333336,41,42,3,0.25,2,0.7453559924999288,0.19444444444444442,0.0,0.0,0.12650061249489583,-0.31024908125765627,3,0.4634317479121551,0.4146528159041692,12,80,80,12,3,4,39:44;41:41;41:42
bautzen_openbridge,ASC Kontrolle 500 m östlich,bautzen_rects_asc_ctrl_500m_east.txt,2025-05-20,ASC,2025-05,DS1,0.39614656420536803,43,3,3,0,2,2,false,39.0,41.666666666666664,39,43,3,0.75,2,1.3333333333333357,0.14814814814814814,0.0,0.0,0.24776727352791428,-0.12834908970812858,3,0.2804927834858663,0.22514607452324065,14,80,80,4,1,4,39:40;39:42;39:43
bautzen_openbridge,ASC Kontrolle 500 m östlich,bautzen_rects_asc_ctrl_500m_east.txt,2025-05-26,ASC,2025-05,DS1,0.36728923282982373,43,3,0,0,0,0,false,,,41,44,0,,0,,,,,,,0,0.5293283368977775,0.4901056983059256,13,80,80,0,0,0,
bautzen_openbridge,ASC Kontrolle 500 m östlich,bautzen_rects_asc_ctrl_500m_east.txt,2025-06-01,ASC,2025-06,DS1,0.2591744149485694,43,3,0,0,0,0,false,,,40,39,0,,0,,,,,,,0,0.788857788291828,0.6832866824377419,3,80,80,0,0,0,
bautzen_openbridge,ASC Kontrolle 500 m östlich,bautzen_rects_asc_ctrl_500m_east.txt,2025-06-07,ASC,2025-06,DS1,0.2573066616813111,44,4,0,0,0,0,false,,,39,43,0,,0,,,,,,,0,0.6597570508226765,0.5746963135283457,5,80,80,0,0,0,
bautzen_openbridge,ASC Kontrolle 500 m östlich,bautzen_rects_asc_ctrl_500m_east.txt,2025-06-13,ASC,2025-06,DS1,0.28702026735661934,44,4,1,1,1,1,false,39.0,43.0,39,43,1,1.0,1,0.0,0.19444444444444445,0.0,0.0,,,1,0.5490192125213803,0.45882305502565635,6,80,80,1,1,1,39:43
bautzen_openbridge,ASC Kontrolle 500 m östlich,bautzen_rects_asc_ctrl_500m_east.txt,2025-06-19,ASC,2025-06,DS1,0.2938251514329627,43,3,1,1,1,1,false,41.0,42.0,41,42,1,1.0,1,0.0,0.19444444444444445,0.0,0.0,,,1,0.5468710978288309,0.5145047476737474,15,80,80,1,1,1,41:42
bautzen_openbridge,ASC Kontrolle 500 m östlich,bautzen_rects_asc_ctrl_500m_east.txt,2025-06-25,ASC,2025-06,DS1,0.35008714494323806,43,3,5,3,3,2,false,39.8,40.8,39,41,5,0.23809523809523808,3,0.82462112512353,0.16666666666666669,0.0,0.0,0.4003926958570587,0.2504908698213234,5,0.32865965478281506,0.25406628309201673,10,80,80,21,3,7,39:41;39:42;39:44;41:38;41:39
bautzen_openbridge,ASC Kontrolle 500 m östlich,bautzen_rects_asc_ctrl_500m_east.txt,2025-07-01,ASC,2025-07,DS1,0.22949753053559285,44,4,0,1,0,0,false,,,39,39,0,,0,,,,,,,0,0.49554070420032775,0.45950789735749403,15,80,80,0,0,0,
bautzen_openbridge,ASC Kontrolle 500 m östlich,bautzen_rects_asc_ctrl_500m_east.txt,2025-07-07,ASC,2025-07,DS1,0.4443523506930055,44,4,5,2,1,5,false,39.4,42.2,40,42,5,0.8333333333333334,1,0.6324555320336781,0.1611111111111111,0.0,0.0,0.7000447339953966,0.6250559174942457,5,0.3529455348086247,0.27206372665970274,9,80,80,6,2,3,39:41;39:42;39:43;40:42;40:43
bautzen_openbridge,ASC Kontrolle 500 m östlich,bautzen_rects_asc_ctrl_500m_east.txt,2025-07-13,ASC,2025-07,DS1,0.2829249319331001,43,3,0,0,0,0,false,,,41,40,0,,0,,,,,,,0,0.39484011872128744,0.3083887071100428,8,80,80,0,0,0,
bautzen_openbridge,ASC Kontrolle 500 m östlich,bautzen_rects_asc_ctrl_500m_east.txt,2025-07-19,ASC,2025-07,DS1,0.7404999277561045,44,4,3,1,2,2,false,40.666666666666664,42.0,40,43,3,0.375,2,1.2018504251546618,0.20370370370370372,0.0,0.0,0.26344969338012075,-0.10482545992981884,3,0.04961325477085647,-0.009785916805965002,17,80,80,8,2,4,40:43;41:40;41:43
bautzen_openbridge,ASC Kontrolle 500 m östlich,bautzen_rects_asc_ctrl_500m_east.txt,2025-07-25,ASC,2025-07,DS1,0.3685224839400428,43,3,1,1,1,1,false,39.0,44.0,39,44,1,1.0,1,0.0,0.2222222222222222,0.0,0.0,,,1,0.36725005675689054,0.3039750624325796,11,80,80,1,1,1,39:44
bautzen_openbridge,ASC Kontrolle 500 m östlich,bautzen_rects_asc_ctrl_500m_east.txt,2025-07-31,ASC,2025-07,DS1,0.20063255210445224,43,3,1,1,1,1,false,39.0,43.0,39,43,1,1.0,1,0.0,0.19444444444444445,0.0,0.0,,,1,0.22610388391476594,0.14011542657196216,10,80,80,1,1,1,39:43
bautzen_openbridge,ASC Kontrolle 500 m östlich,bautzen_rects_asc_ctrl_500m_east.txt,2025-08-06,ASC,2025-08,DS1,0.6299441655327735,44,4,5,0,3,2,false,39.2,41.2,39,44,5,0.35714285714285715,3,2.807133769523637,0.14444444444444443,0.0,0.0,0.5399329464616437,0.4249161830770546,5,0.23376768148846333,0.1886951921642553,18,80,80,14,2,7,39:38;39:39;39:41;39:44;40:44
bautzen_openbridge,ASC Kontrolle 500 m östlich,bautzen_rects_asc_ctrl_500m_east.txt,2025-08-12,ASC,2025-08,DS1,0.3903356316599236,43,3,3,2,2,2,false,40.666666666666664,40.666666666666664,41,41,3,0.375,2,0.471404520791035,0.17592592592592593,0.0,0.0,0.19154752806824607,-0.21267870789763088,3,0.19847116432280715,0.13681510003994615,14,80,80,8,2,4,40:42;41:39;41:41
bautzen_openbridge,ASC Kontrolle 500 m östlich,bautzen_rects_asc_ctrl_500m_east.txt,2025-08-18,ASC,2025-08,DS1,0.35890435890435896,44,4,0,0,0,0,false,,,39,44,0,,0,,,,,,,0,0.2273135440649681,0.17212165435532295,15,80,80,0,0,0,
bautzen_openbridge,ASC Kontrolle 500 m östlich,bautzen_rects_asc_ctrl_500m_east.txt,2025-08-24,ASC,2025-08,DS1,0.23212283694857425,44,4,0,0,0,0,false,,,40,44,0,,0,,,,,,,0,0.27786670874171926,0.18760004733443414,9,80,80,0,0,0,
bautzen_openbridge,ASC Kontrolle 500 m östlich,bautzen_rects_asc_ctrl_500m_east.txt,2025-08-30,ASC,2025-08,DS1,1.8512689008754095,41,1,15,4,1,15,true,40.13333333333333,38.93333333333333,41,39,15,0.7142857142857143,1,0.8692269873603539,0.12222222222222222,0.0,0.0,0.13316158620664395,0.07124455664997566,15,0.02027042457765092,-0.10219577235014271,9,80,80,21,3,7,39:39;39:40;39:41;39:42;40:36;40:37;40:38;40:39;40:41;41:36;41:37;41:38;41:39;41:40;41:41
bautzen_openbridge,ASC Kontrolle 500 m östlich,bautzen_rects_asc_ctrl_500m_east.txt,2025-09-05,ASC,2025-09,DS1,0.2579655712050079,43,3,1,3,1,1,false,39.0,44.0,39,44,1,1.0,1,0.0,0.2222222222222222,0.0,0.0,,,1,0.22571373109342058,0.17732083928675937,17,80,80,1,1,1,39:44
bautzen_openbridge,ASC Kontrolle 500 m östlich,bautzen_rects_asc_ctrl_500m_east.txt,2025-09-11,ASC,2025-09,DS1,0.5662068428025874,43,3,5,2,1,5,false,40.6,40.2,41,40,5,0.8333333333333334,1,0.4472135954999579,0.17222222222222222,0.0,0.0,0.7730587419965452,0.7163234274956816,5,0.12881424783149958,0.06658669410517813,15,80,80,6,2,3,40:40;40:41;41:39;41:40;41:41
bautzen_openbridge,ASC Kontrolle 500 m östlich,bautzen_rects_asc_ctrl_500m_east.txt,2025-09-17,ASC,2025-09,DS1,0.27224831061734056,44,4,1,3,1,1,false,40.0,38.0,40,38,1,1.0,1,0.0,0.1111111111111111,0.0,0.0,,,1,0.3154625935231998,0.20137302577706642,7,80,80,1,1,1,40:38
bautzen_openbridge,ASC Kontrolle 500 m östlich,bautzen_rects_asc_ctrl_500m_east.txt,2025-09-23,ASC,2025-09,DS1,0.5515625963138754,43,3,2,1,2,1,false,40.5,41.5,41,40,2,0.25,2,1.5811388300841898,0.25,0.0,0.0,0.031858426330788135,-0.9362831473384238,2,0.23134155855486652,0.13525925337422484,9,80,80,8,2,4,40:43;41:40
bautzen_openbridge,ASC Kontrolle 500 m östlich,bautzen_rects_asc_ctrl_500m_east.txt,2025-09-29,ASC,2025-09,DS2,0.43258270781206565,44,4,2,0,2,1,false,39.0,40.0,39,43,2,0.2857142857142857,2,3.0,0.1388888888888889,0.0,0.0,0.9625846115630626,0.9251692231261253,2,0.18518290030513304,0.10370119033564636,11,80,80,7,1,7,39:37;39:43
bautzen_openbridge,ASC Kontrolle 500 m östlich,bautzen_rects_asc_ctrl_500m_east.txt,2025-10-05,ASC,2025-10,DS2,0.363643944131749,43,3,3,2,2,2,false,39.666666666666664,40.333333333333336,39,41,3,0.5,2,0.94280904158206,0.19444444444444445,0.0,0.0,0.26852842693914186,-0.09720735959128723,3,0.12270290359732394,0.06003882528284708,15,80,80,6,3,2,39:40;39:41;41:40
bautzen_openbridge,ASC Kontrolle 500 m östlich,bautzen_rects_asc_ctrl_500m_east.txt,2025-10-11,ASC,2025-10,DS2,0.8205997857907891,44,4,5,1,3,2,false,40.2,40.6,41,40,5,0.3333333333333333,3,0.9999999999999986,0.19444444444444445,0.0,0.0,0.08623960309353566,-0.14220049613308042,5,0.06447033914237053,0.0021016950851952356,16,80,80,15,3,5,39:39;40:42;40:43;41:39;41:40
bautzen_openbridge,ASC Kontrolle 500 m östlich,bautzen_rects_asc_ctrl_500m_east.txt,2025-10-17,ASC,2025-10,DS2,0.7617779835629124,43,3,6,1,1,6,false,40.0,41.666666666666664,39,41,6,0.5,1,1.2018504251546618,0.1574074074074074,0.0,0.0,0.03667412271207639,-0.15599105274550834,6,0.3280633284859801,0.24407124454672757,9,80,80,12,3,4,39:40;39:41;40:41;40:43;41:42;41:43
bautzen_openbridge,ASC Kontrolle 500 m östlich,bautzen_rects_asc_ctrl_500m_east.txt,2025-10-23,ASC,2025-10,DS2,0.7415796876156638,37,-3,7,1,2,6,false,40.142857142857146,42.857142857142854,39,44,7,0.4666666666666667,2,1.6162440712835415,0.1825396825396825,0.0,0.0,0.19449751344471114,0.060247099018829665,7,0.10329366172746568,0.0036596241416285333,10,80,80,15,3,5,39:43;39:44;40:43;40:44;41:40;41:42;41:44
bautzen_openbridge,ASC Kontrolle 500 m östlich,bautzen_rects_asc_ctrl_500m_east.txt,2025-10-29,ASC,2025-10,DS2,0.4517704517704517,43,3,4,0,3,2,false,40.0,39.75,39,44,4,0.14814814814814814,3,4.366062299143245,0.2013888888888889,0.0,0.0,0.24467706298047948,-0.007097249359360698,4,0.18437942064175092,0.11023209524554645,12,80,80,27,3,9,39:36;39:44;41:39;41:40
bautzen_openbridge,DESC Kontrolle 500 m östlich,bautzen_rects_ctrl_500m_east.txt,2025-04-06,DESC,2025-04,RS,2.1082706766917294,39,-1,15,0,1,15,true,39.666666666666664,40.666666666666664,39,41,15,0.625,1,0.7453559924999288,0.4152380952380952,0.13333333333333333,0.8666666666666667,0.1340813378451066,0.07223000483404277,15,0.04462653835578918,-0.07479514434973716,9,80,80,24,3,8,39:37;39:38;39:40;39:41;39:42;39:43;39:44;40:38;40:39;40:40;40:42;40:43;40:44;41:39;41:40
bautzen_openbridge,DESC Kontrolle 500 m östlich,bautzen_rects_ctrl_500m_east.txt,2025-04-12,DESC,2025-04,RS,2.19093348397119,39,-1,16,1,1,16,true,39.5,40.8125,39,41,16,0.5925925925925926,1,0.5340002340823456,0.39821428571428574,0.125,0.75,0.06374180189180916,0.001324588684596432,16,0.026145174468072442,-0.018120953965196994,23,80,80,27,3,9,39:36;39:37;39:38;39:39;39:40;39:41;39:42;39:43;39:44;40:39;40:40;40:41;40:42;40:43;40:44;41:44
bautzen_openbridge,DESC Kontrolle 500 m östlich,bautzen_rects_ctrl_500m_east.txt,2025-04-18,DESC,2025-04,RS,1.5258092738407698,36,-4,14,0,2,12,true,39.642857142857146,39.357142857142854,39,36,14,0.5185185185185185,2,3.418138889715826,0.37755102040816324,0.14285714285714285,0.6428571428571429,0.013773717110526287,-0.06208984311174092,14,0.02364355820990057,-0.03737871940198065,17,80,80,27,3,9,39:36;39:37;39:38;39:39;39:40;39:41;39:43;40:36;40:37;40:40;40:41;40:44;41:39;41:40
bautzen_openbridge,DESC Kontrolle 500 m östlich,bautzen_rects_ctrl_500m_east.txt,2025-04-24,DESC,2025-04,RS,0.9216043755697354,36,-4,8,1,2,5,false,39.625,39.5,39,41,8,0.5333333333333333,2,1.625,0.42142857142857143,0.125,0.875,0.03591783454229001,-0.10180818909452571,8,0.052497398743699575,-0.033639201370509554,12,80,80,15,3,5,39:37;39:38;39:40;39:41;40:38;40:40;40:41;41:41
bautzen_openbridge,DESC Kontrolle 500 m östlich,bautzen_rects_ctrl_500m_east.txt,2025-04-30,DESC,2025-04,RS,1.5256149853306253,36,-4,14,0,2,11,true,39.857142857142854,39.357142857142854,39,40,14,0.5185185185185185,2,1.0714285714285707,0.3714285714285714,0.14285714285714285,0.6428571428571429,0.030505449519873988,-0.04407105436321263,14,0.11304372598889603,0.0021741917375080466,9,80,80,27,3,9,39:36;39:37;39:40;39:41;39:43;40:36;40:37;40:38;40:39;40:43;40:44;41:38;41:39;41:40
bautzen_openbridge,DESC Kontrolle 500 m östlich,bautzen_rects_ctrl_500m_east.txt,2025-05-06,DESC,2025-05,RS,1.6678805535324108,36,-4,15,0,2,8,true,39.93333333333333,40.8,40,43,15,0.625,2,2.201009869229227,0.36190476190476184,0.06666666666666667,0.6666666666666666,0.003672214683319948,-0.06749405569644291,15,0.42536014880344325,0.3295868402706838,7,80,80,24,3,8,39:37;39:38;39:39;39:43;39:44;40:38;40:39;40:41;40:42;40:43;40:44;41:38;41:39;41:43;41:44
bautzen_openbridge,DESC Kontrolle 500 m östlich,bautzen_rects_ctrl_500m_east.txt,2025-05-12,DESC,2025-05,RS,1.3801941747572817,36,-4,12,3,2,9,false,39.833333333333336,40.333333333333336,39,40,12,0.5,2,0.8975274678557538,0.3904761904761905,0.08333333333333333,0.6666666666666666,0.029455079509774128,-0.05877627689842823,12,0.2593591577318584,0.1920281720711183,12,80,80,24,3,8,39:37;39:38;39:39;39:40;39:41;40:39;40:40;40:41;40:44;41:38;41:43;41:44
bautzen_openbridge,DESC Kontrolle 500 m östlich,bautzen_rects_ctrl_500m_east.txt,2025-05-18,DESC,2025-05,DS1,1.0125115237718951,36,-4,9,0,2,7,false,40.0,40.888888888888886,41,39,9,0.42857142857142855,2,2.1372648957412577,0.37142857142857144,0.0,0.6666666666666666,0.08473073108115994,-0.029677927533695067,9,0.07828391607627841,0.0014742424159682743,13,80,80,21,3,7,39:41;39:44;40:39;40:40;40:41;40:42;40:44;41:38;41:39
bautzen_openbridge,DESC Kontrolle 500 m östlich,bautzen_rects_ctrl_500m_east.txt,2025-05-24,DESC,2025-05,DS1,0.8007534533277523,38,-2,11,1,3,8,false,40.0,42.0,39,38,11,0.5238095238095238,3,4.123105625617661,0.34545454545454546,0.09090909090909091,0.6363636363636364,0.1431603892502395,0.05747642817526344,11,0.06894683242256197,0.006876621250732769,16,80,80,21,3,7,39:38;39:39;39:43;39:44;40:42;40:43;40:44;41:40;41:42;41:43;41:44
bautzen_openbridge,DESC Kontrolle 500 m östlich,bautzen_rects_ctrl_500m_east.txt,2025-05-30,DESC,2025-05,DS1,0.5151143335192415,37,-3,2,1,2,1,false,39.0,39.5,39,37,2,0.3333333333333333,2,2.5,0.4857142857142857,0.0,1.0,0.9565068631002697,0.9130137262005393,2,0.05357107543197907,-0.18303615571002615,5,80,80,6,1,6,39:37;39:42
bautzen_openbridge,DESC Kontrolle 500 m östlich,bautzen_rects_ctrl_500m_east.txt,2025-06-05,DESC,2025-06,DS1,1.1912053396152333,36,-4,10,0,3,5,false,39.9,40.1,40,44,10,0.37037037037037035,3,3.9012818406262304,0.34857142857142853,0.0,0.6,0.006442483262325016,-0.10395279637519443,10,0.0011557818039719257,-0.048786429105829476,21,80,80,27,3,9,39:39;39:41;39:42;40:37;40:38;40:39;40:41;40:44;41:36;41:44
bautzen_openbridge,DESC Kontrolle 500 m östlich,bautzen_rects_ctrl_500m_east.txt,2025-06-11,DESC,2025-06,DS1,0.9113075849232203,37,-3,7,1,4,3,false,40.0,40.57142857142857,41,39,7,0.3333333333333333,4,1.8626292586293265,0.4040816326530612,0.2857142857142857,0.7142857142857143,0.3090801375186611,0.1939268271051046,7,0.06254653767831853,-0.009565267115656972,14,80,80,21,3,7,39:40;39:42;39:43;40:38;41:38;41:39;41:44
bautzen_openbridge,DESC Kontrolle 500 m östlich,bautzen_rects_ctrl_500m_east.txt,2025-06-17,DESC,2025-06,DS1,0.5304587615943845,37,-3,5,0,2,4,false,39.6,39.8,39,39,5,0.23809523809523808,2,0.9999999999999986,0.3942857142857143,0.2,0.8,0.3517878258910975,0.18973478236387192,5,0.0056607424472428875,-0.03757139918548568,24,80,80,21,3,7,39:38;39:39;39:40;40:38;41:44
bautzen_openbridge,DESC Kontrolle 500 m östlich,bautzen_rects_ctrl_500m_east.txt,2025-06-23,DESC,2025-06,DS1,0.8708477278766944,37,-3,5,0,2,3,false,40.4,41.6,39,44,5,0.2777777777777778,2,2.778488797889959,0.3485714285714286,0.0,0.8,0.3546053153510511,0.1932566441888139,5,0.01662820263375063,-0.14726709692729092,7,80,80,18,3,6,39:44;40:44;41:39;41:40;41:41
bautzen_openbridge,DESC Kontrolle 500 m östlich,bautzen_rects_ctrl_500m_east.txt,2025-06-29,DESC,2025-06,DS1,0.7053207918012073,36,-4,7,1,2,5,false,39.857142857142854,40.857142857142854,39,43,7,0.3333333333333333,2,2.3079277744862177,0.3714285714285714,0.14285714285714285,0.5714285714285714,0.1265209475391243,-0.019058894537688314,7,0.11153152420348635,0.022684676623834978,11,80,80,21,3,7,39:41;39:42;39:43;40:42;40:43;41:37;41:38
bautzen_openbridge,DESC Kontrolle 500 m östlich,bautzen_rects_ctrl_500m_east.txt,2025-07-05,DESC,2025-07,DS1,1.5115332428765265,38,-2,14,0,1,14,true,40.0,40.42857142857143,41,38,14,0.6666666666666666,1,2.6263966158357497,0.3653061224489795,0.14285714285714285,0.7142857142857143,0.03016631751031358,-0.044436273450431524,14,0.09728486284350822,0.027845236908393467,14,80,80,21,3,7,39:39;39:40;39:41;39:42;39:43;40:38;40:41;40:42;40:43;41:37;41:38;41:39;41:41;41:42
bautzen_openbridge,DESC Kontrolle 500 m östlich,bautzen_rects_ctrl_500m_east.txt,2025-07-11,DESC,2025-07,DS1,0.6660318324037546,37,-3,6,2,3,4,false,39.666666666666664,41.833333333333336,39,44,6,0.25,3,2.266911751455904,0.3904761904761905,0.3333333333333333,0.8333333333333334,0.1299916639070012,-0.044010003311598565,6,0.10242909873866,0.04259103865457067,16,80,80,24,3,8,39:40;39:43;39:44;40:43;40:44;41:37
bautzen_openbridge,DESC Kontrolle 500 m östlich,bautzen_rects_ctrl_500m_east.txt,2025-07-17,DESC,2025-07,DS1,1.0024449877750612,36,-4,10,1,2,8,false,39.7,38.7,39,37,10,0.37037037037037035,2,1.8384776310850273,0.34285714285714286,0.1,0.6,0.14040866500257138,0.04489851666952374,10,0.006401122887745275,-0.10399875234694969,10,80,80,27,3,9,39:36;39:37;39:38;39:39;39:43;39:44;40:39;41:36;41:37;41:38
bautzen_openbridge,DESC Kontrolle 500 m östlich,bautzen_rects_ctrl_500m_east.txt,2025-07-23,DESC,2025-07,DS1,1.7728961052743286,44,4,16,0,1,16,true,40.0625,40.1875,40,44,16,0.6666666666666666,1,3.813012260667411,0.3767857142857143,0.0625,0.8125,0.03624216221682848,-0.02800836030204962,16,0.16663538705786346,0.09087496769948741,12,80,80,24,3,8,39:37;39:38;39:39;39:42;39:43;40:38;40:39;40:40;40:43;40:44;41:37;41:38;41:39;41:41;41:42;41:43
bautzen_openbridge,DESC Kontrolle 500 m östlich,bautzen_rects_ctrl_500m_east.txt,2025-07-29,DESC,2025-07,DS1,1.798663902326653,38,-2,16,1,1,16,true,39.6875,40.25,39,44,16,0.5925925925925926,1,3.8125,0.3928571428571428,0.125,0.6875,0.06854192418623815,0.006444719131987364,16,0.027376587287330913,-0.02983655463694374,18,80,80,27,3,9,39:36;39:37;39:38;39:40;39:41;39:42;39:43;39:44;40:36;40:39;40:40;40:41;40:44;41:39;41:40;41:44
bautzen_openbridge,DESC Kontrolle 500 m östlich,bautzen_rects_ctrl_500m_east.txt,2025-08-04,DESC,2025-08,DS1,0.9964811490125675,38,-2,7,1,1,7,false,39.857142857142854,39.57142857142857,39,40,7,0.3888888888888889,1,0.958314847499908,0.42857142857142855,0.14285714285714285,1.0,0.11412217903954147,-0.033524124453868286,7,0.19007029527792238,0.10907732480571464,11,80,80,18,3,6,39:37;39:38;39:40;40:39;40:40;41:41;41:42
bautzen_openbridge,DESC Kontrolle 500 m östlich,bautzen_rects_ctrl_500m_east.txt,2025-08-10,DESC,2025-08,DS1,2.048565121412804,36,-4,17,0,1,17,true,39.705882352941174,40.294117647058826,39,40,17,0.7083333333333334,1,0.7647058823529398,0.3966386554621848,0.11764705882352941,0.7647058823529411,0.01738744722319126,-0.044025837325359286,17,0.09595349034285634,0.013767444010388742,12,80,80,24,3,8,39:37;39:38;39:39;39:40;39:41;39:42;39:43;40:37;40:38;40:39;40:40;40:41;40:42;40:43;40:44;41:40;41:41
bautzen_openbridge,DESC Kontrolle 500 m östlich,bautzen_rects_ctrl_500m_east.txt,2025-08-16,DESC,2025-08,DS1,1.0830238147258031,42,2,9,3,3,6,false,40.0,39.333333333333336,40,39,9,0.42857142857142855,3,0.3333333333333357,0.3650793650793651,0.1111111111111111,0.6666666666666666,0.11164262730510276,0.0005979557182405892,9,0.12077441764220107,0.040844819246037514,12,80,80,21,3,7,39:39;39:40;39:42;40:36;40:39;40:40;41:37;41:40;41:41
bautzen_openbridge,DESC Kontrolle 500 m östlich,bautzen_rects_ctrl_500m_east.txt,2025-08-22,DESC,2025-08,DS1,2.136921151439299,39,-1,14,0,1,14,true,39.785714285714285,40.57142857142857,39,38,14,0.5833333333333334,1,2.6887900321026708,0.3959183673469387,0.14285714285714285,0.7857142857142857,0.06141019473145408,-0.010789021058434071,14,0.16767605446233885,0.11218779142649478,16,80,80,24,3,8,39:37;39:38;39:40;39:41;39:42;39:43;39:44;40:38;40:39;40:42;41:39;41:40;41:42;41:43
bautzen_openbridge,DESC Kontrolle 500 m östlich,bautzen_rects_ctrl_500m_east.txt,2025-08-28,DESC,2025-08,DS1,0.7237833022916835,37,-3,4,0,3,2,false,40.0,40.0,41,40,4,0.14814814814814814,3,1.0,0.35,0.0,0.5,0.039526068357968756,-0.28063190885604167,4,0.01670756293593493,-0.04884526620166941,16,80,80,27,3,9,39:36;40:40;40:44;41:40
bautzen_openbridge,DESC Kontrolle 500 m östlich,bautzen_rects_ctrl_500m_east.txt,2025-09-03,DESC,2025-09,DS1,0.5689892883656804,44,4,2,1,1,2,false,39.5,36.0,40,36,2,1.0,1,0.5,0.22857142857142856,0.0,0.0,0.16498820450805857,-0.6700235909838829,2,0.03714525749394501,-0.010997479631357738,21,80,80,2,2,1,39:36;40:36
bautzen_openbridge,DESC Kontrolle 500 m östlich,bautzen_rects_ctrl_500m_east.txt,2025-09-09,DESC,2025-09,DS1,0.7050136953673931,43,3,6,1,3,3,false,39.833333333333336,41.0,39,43,6,0.4,3,2.1666666666666674,0.4428571428571428,0.3333333333333333,1.0,0.0838094104578275,-0.09942870745060702,6,0.1489899532282097,0.07807244933056051,13,80,80,15,3,5,39:40;39:41;39:43;40:39;41:41;41:42
bautzen_openbridge,DESC Kontrolle 500 m östlich,bautzen_rects_ctrl_500m_east.txt,2025-09-15,DESC,2025-09,DS1,0.623199655023717,44,4,9,1,3,7,false,40.333333333333336,41.333333333333336,41,44,9,0.3333333333333333,3,2.748737083745104,0.34920634920634913,0.1111111111111111,0.6666666666666666,0.07590693598852612,-0.03960469701290811,9,0.08385487906380576,0.013382177453329284,14,80,80,27,3,9,39:40;39:42;40:40;40:44;41:36;41:41;41:42;41:43;41:44
bautzen_openbridge,DESC Kontrolle 500 m östlich,bautzen_rects_ctrl_500m_east.txt,2025-09-21,DESC,2025-09,DS1,0.431009263773769,43,3,3,3,2,2,false,40.333333333333336,42.0,41,42,3,0.3333333333333333,2,0.6666666666666643,0.39999999999999997,0.3333333333333333,1.0,0.15740836701558017,-0.26388744947662973,3,0.06110768733906665,0.011692302462175423,20,80,80,9,3,3,39:43;41:41;41:42
bautzen_openbridge,DESC Kontrolle 500 m östlich,bautzen_rects_ctrl_500m_east.txt,2025-09-27,DESC,2025-09,DS1,0.5831280501975366,43,3,3,0,1,3,false,40.666666666666664,41.666666666666664,41,42,3,0.75,1,0.471404520791035,0.3142857142857143,0.0,0.6666666666666666,0.3540955415623498,0.031143312343524743,3,0.08668154915190532,0.03861215700200559,20,80,80,4,2,2,40:42;41:41;41:42
bautzen_openbridge,DESC Kontrolle 500 m östlich,bautzen_rects_ctrl_500m_east.txt,2025-10-03,DESC,2025-10,DS2,0.9105923258413015,44,4,9,1,2,6,false,39.77777777777778,39.0,39,38,9,0.42857142857142855,2,1.266861583443487,0.36507936507936506,0.0,0.6666666666666666,0.056480772890524715,-0.061459130498159695,9,0.15042846825088474,0.04423202678224533,9,80,80,21,3,7,39:37;39:38;39:41;39:42;40:37;40:38;40:43;41:37;41:38
bautzen_openbridge,DESC Kontrolle 500 m östlich,bautzen_rects_ctrl_500m_east.txt,2025-10-09,DESC,2025-10,DS2,0.6664413653261235,44,4,8,1,4,4,false,40.0,40.125,41,36,8,0.2962962962962963,4,4.244481711587412,0.35714285714285715,0.125,0.625,0.02890872626293792,-0.10981859855664237,8,0.01333338403445029,-0.15111105195980798,7,80,80,27,3,9,39:40;39:41;39:42;40:36;40:40;41:36;41:42;41:44
bautzen_openbridge,DESC Kontrolle 500 m östlich,bautzen_rects_ctrl_500m_east.txt,2025-10-15,DESC,2025-10,DS2,0.5059824989582712,44,4,3,2,2,2,false,39.0,40.0,39,41,3,0.5,2,1.0,0.4857142857142857,0.0,1.0,0.5065894193145903,0.2598841289718855,3,0.22554186910908422,0.12873460274771975,9,80,80,6,1,6,39:37;39:41;39:42
bautzen_openbridge,DESC Kontrolle 500 m östlich,bautzen_rects_ctrl_500m_east.txt,2025-10-21,DESC,2025-10,DS2,0.5670881778833914,38,-2,3,1,2,2,false,39.666666666666664,38.666666666666664,39,43,3,0.1875,2,4.3843154793219705,0.32380952380952377,0.3333333333333333,0.3333333333333333,0.314161554192229,-0.02875766871165647,3,0.009887513844850648,-0.03316085511841672,24,80,80,16,2,8,39:43;40:36;40:37
bautzen_openbridge,DESC Kontrolle 500 m östlich,bautzen_rects_ctrl_500m_east.txt,2025-10-27,DESC,2025-10,DS2,1.971636033582935,39,-1,15,2,2,12,true,39.86666666666667,39.666666666666664,39,37,15,0.5555555555555556,2,2.8039654459750767,0.36,0.06666666666666667,0.7333333333333333,0.1303578025176126,0.06824050269744206,15,0.015254879074290227,-0.05039479565409043,16,80,80,27,3,9,39:36;39:37;39:38;39:42;39:43;39:44;40:36;40:37;40:38;40:39;40:40;41:39;41:41;41:42;41:43
